r0,g0,b0,r1,g1,b1,r2,g2,b2,r3,g3,b3,r4,g4,b4,r5,g5,b5,r6,g6,b6,r7,g7,b7,r8,g8,b8,cluster
0.107685,0.142882,0.228262,0.13309,0.16683,0.253143,0.192569,0.225815,0.316142,0.114252,0.148719,0.234894,0.140721,0.174088,0.261378,0.176606,0.208473,0.294332,0.121676,0.156707,0.24492,0.145786,0.178291,0.264693,0.182471,0.215406,0.3043,cluster2
0.102529,0.134902,0.226281,0.112293,0.148057,0.236457,0.15704,0.189715,0.277432,0.102056,0.134245,0.226293,0.112797,0.14841,0.236766,0.151166,0.186789,0.275974,0.102575,0.135893,0.227433,0.115163,0.149764,0.238225,0.1475,0.182993,0.273026,cluster2
0.097944,0.128471,0.21915,0.114025,0.14752,0.23798,0.122914,0.156434,0.246991,0.096606,0.12815,0.21849,0.115331,0.147257,0.23572,0.125096,0.156881,0.245569,0.098537,0.129105,0.218604,0.114998,0.14561,0.232776,0.125641,0.157005,0.244772,cluster2
0.102772,0.126576,0.215839,0.099569,0.114034,0.206019,0.15635,0.15679,0.234776,0.101321,0.125878,0.215611,0.099416,0.113726,0.205602,0.161636,0.16141,0.23799,0.100568,0.125314,0.215787,0.099304,0.113688,0.205107,0.165759,0.165675,0.240265,cluster2
0.099437,0.126927,0.22057,0.098059,0.129363,0.219493,0.107084,0.13773,0.222823,0.098535,0.128173,0.222307,0.098074,0.131364,0.222692,0.105531,0.137619,0.225547,0.098902,0.129282,0.224068,0.098969,0.132661,0.225109,0.109832,0.141017,0.228769,cluster2
0.095699,0.10635,0.191102,0.094763,0.11009,0.199767,0.095052,0.114739,0.208642,0.095202,0.106809,0.191915,0.094769,0.110135,0.20249,0.095007,0.114645,0.210962,0.095287,0.108569,0.195325,0.094835,0.111625,0.206932,0.095635,0.115444,0.213794,cluster2
0.095848,0.096783,0.163265,0.091014,0.097196,0.159544,0.09106,0.101427,0.163801,0.10415,0.105119,0.175501,0.096978,0.103624,0.1705,0.09093,0.102793,0.165826,0.099043,0.099078,0.169306,0.096416,0.102599,0.171205,0.091442,0.1049,0.170682,cluster2
0.102696,0.128369,0.168216,0.101198,0.128259,0.164301,0.11187,0.141425,0.170714,0.102013,0.13021,0.167096,0.099264,0.126164,0.162547,0.10466,0.134262,0.166374,0.10891,0.139481,0.172619,0.10412,0.132763,0.166961,0.108941,0.137978,0.170464,cluster2
0.122456,0.152671,0.17851,0.141222,0.170687,0.187472,0.157093,0.182889,0.192366,0.112387,0.142973,0.172711,0.129076,0.160321,0.181335,0.144479,0.172663,0.185696,0.114779,0.143052,0.174558,0.125853,0.156662,0.181512,0.135727,0.165534,0.180465,cluster2
0.126409,0.137336,0.17031,0.149895,0.162676,0.201448,0.223344,0.235954,0.270675,0.103431,0.116596,0.159098,0.139967,0.154409,0.209981,0.126971,0.139291,0.182602,0.081767,0.0909,0.127491,0.086353,0.096398,0.136655,0.093797,0.103123,0.140798,cluster2
0.131301,0.142201,0.21986,0.162089,0.158168,0.234556,0.172056,0.164221,0.240112,0.125014,0.137874,0.21493,0.159171,0.155452,0.231688,0.168139,0.160951,0.236046,0.125921,0.139107,0.21504,0.157138,0.155133,0.230165,0.165609,0.159531,0.233942,cluster2
0.209481,0.223152,0.225789,0.182421,0.19878,0.205911,0.170658,0.186221,0.197096,0.193302,0.207849,0.215197,0.172741,0.189358,0.196607,0.167865,0.182331,0.19076,0.182312,0.198103,0.21001,0.156824,0.175323,0.187001,0.160989,0.175437,0.185023,cluster2
0.189374,0.22748,0.21472,0.184468,0.225406,0.209438,0.184927,0.228182,0.210302,0.195919,0.232052,0.222888,0.188987,0.227063,0.216354,0.185651,0.225758,0.214345,0.205805,0.240343,0.235505,0.201272,0.238098,0.231101,0.198099,0.236422,0.22763,cluster2
0.218573,0.238426,0.256095,0.1871,0.209675,0.229981,0.166748,0.191528,0.210998,0.224161,0.242407,0.259722,0.191811,0.213825,0.233934,0.144757,0.170213,0.186404,0.220381,0.239241,0.257082,0.197196,0.218611,0.236606,0.162273,0.188515,0.207814,cluster2
0.275029,0.274095,0.311364,0.204184,0.212439,0.259839,0.16067,0.171291,0.222298,0.227037,0.231466,0.273741,0.168769,0.183333,0.232895,0.140125,0.156119,0.210622,0.201987,0.210591,0.25415,0.156243,0.168935,0.221626,0.129798,0.145736,0.203258,cluster2
0.249445,0.256284,0.30554,0.142711,0.155138,0.239474,0.097245,0.114815,0.210858,0.240448,0.247623,0.298602,0.138036,0.15009,0.235165,0.095899,0.113201,0.208348,0.231526,0.238212,0.29118,0.133372,0.145461,0.230519,0.0955,0.112827,0.206769,cluster2
0.289637,0.329869,0.417815,0.166159,0.198776,0.290153,0.106696,0.128921,0.223924,0.277893,0.318153,0.40675,0.153927,0.185216,0.276105,0.102283,0.127208,0.222441,0.252062,0.292209,0.379943,0.148981,0.180184,0.270211,0.100923,0.12764,0.222084,cluster2
0.582832,0.589475,0.620953,0.153021,0.157935,0.197429,0.158123,0.163878,0.213655,0.475852,0.483639,0.518593,0.155073,0.160799,0.203754,0.16511,0.171992,0.228438,0.226587,0.236339,0.278931,0.193689,0.196735,0.247953,0.145904,0.155316,0.208864,cluster2
0.346951,0.359535,0.421753,0.178793,0.17878,0.228212,0.154521,0.155841,0.205679,0.605332,0.619772,0.676337,0.127376,0.131266,0.166866,0.156203,0.161376,0.21232,0.694011,0.709293,0.761578,0.160935,0.165366,0.200591,0.184797,0.190027,0.239996,cluster3
0.567276,0.504767,0.513656,0.429366,0.366573,0.381159,0.165612,0.144643,0.155795,0.514452,0.454765,0.465464,0.405522,0.348586,0.365753,0.150536,0.133589,0.145479,0.526575,0.474302,0.487837,0.378908,0.327236,0.345482,0.172058,0.152616,0.16521,cluster3
0.134301,0.172572,0.262846,0.122078,0.157742,0.2457,0.149288,0.181044,0.273808,0.13477,0.174041,0.264537,0.123363,0.158722,0.247162,0.150711,0.182622,0.273697,0.133097,0.173116,0.264112,0.122895,0.157578,0.247976,0.149917,0.18166,0.273551,cluster2
0.116374,0.149554,0.239134,0.128996,0.163767,0.254226,0.128281,0.163557,0.255342,0.113621,0.147224,0.236841,0.126407,0.162011,0.252455,0.126548,0.160876,0.253125,0.108571,0.143068,0.232313,0.122946,0.158897,0.24837,0.125424,0.160244,0.252126,cluster2
0.124481,0.151117,0.231905,0.124697,0.151378,0.232253,0.121544,0.147515,0.227198,0.116576,0.143457,0.22103,0.113021,0.138814,0.215506,0.111459,0.135206,0.210109,0.110431,0.136338,0.212047,0.104804,0.129472,0.203499,0.10649,0.126637,0.199046,cluster2
0.114019,0.141519,0.231762,0.116752,0.143995,0.23257,0.115305,0.143938,0.23093,0.115303,0.144121,0.23309,0.115983,0.145289,0.232822,0.113913,0.144549,0.229869,0.112838,0.142055,0.229026,0.111967,0.142434,0.227464,0.109705,0.141579,0.223901,cluster2
0.094753,0.113303,0.219889,0.094422,0.116794,0.221885,0.094814,0.12199,0.222762,0.094496,0.112607,0.21998,0.094228,0.116209,0.221414,0.094445,0.121364,0.2222,0.094363,0.111745,0.219856,0.094207,0.115347,0.221006,0.094677,0.120654,0.222458,cluster2
0.125228,0.139052,0.227781,0.099793,0.111348,0.200825,0.09696,0.106413,0.195744,0.123056,0.137246,0.224898,0.099509,0.111089,0.199889,0.097755,0.10738,0.197731,0.121686,0.135788,0.22333,0.09988,0.112027,0.200611,0.099412,0.109205,0.200689,cluster2
0.122029,0.150009,0.188019,0.112571,0.143438,0.180678,0.107747,0.139213,0.174069,0.126703,0.153855,0.190476,0.117038,0.148186,0.18336,0.10762,0.141138,0.174476,0.134688,0.157941,0.194381,0.122624,0.151195,0.184205,0.113934,0.146841,0.177929,cluster2
0.099676,0.122296,0.16151,0.104158,0.127114,0.170817,0.101864,0.122913,0.163271,0.112732,0.135146,0.173627,0.115756,0.138789,0.180041,0.112661,0.133582,0.172751,0.174224,0.190276,0.220374,0.171169,0.189123,0.22017,0.165609,0.182495,0.212723,cluster2
0.142882,0.159994,0.173968,0.162774,0.175496,0.183087,0.175865,0.190543,0.188262,0.151731,0.168763,0.177622,0.174297,0.186422,0.185618,0.183111,0.197892,0.191401,0.163612,0.180347,0.182224,0.180083,0.19378,0.191273,0.188548,0.203267,0.195699,cluster2
0.158244,0.205892,0.203484,0.162762,0.210493,0.203036,0.163794,0.213161,0.20075,0.161899,0.209612,0.202055,0.163306,0.212403,0.201098,0.168158,0.218363,0.200692,0.166372,0.213272,0.202499,0.166,0.214904,0.199485,0.167483,0.217484,0.198501,cluster2
0.221802,0.216716,0.268427,0.23005,0.22632,0.278185,0.220908,0.216805,0.267378,0.195909,0.202493,0.260765,0.209794,0.215845,0.275029,0.207883,0.213241,0.267095,0.085463,0.092972,0.124873,0.076617,0.084007,0.113217,0.089811,0.097226,0.129943,cluster2
0.170633,0.16802,0.238889,0.17848,0.171152,0.241738,0.184644,0.172987,0.241157,0.169848,0.166398,0.236709,0.176892,0.16862,0.238747,0.185068,0.170735,0.238253,0.179465,0.169073,0.235999,0.189855,0.171335,0.236977,0.204641,0.176727,0.237913,cluster2
0.244478,0.255044,0.226715,0.235921,0.248189,0.217776,0.236049,0.248153,0.218412,0.228908,0.240025,0.217141,0.220299,0.232333,0.208073,0.225398,0.23698,0.213848,0.218656,0.230494,0.212159,0.216347,0.227156,0.208689,0.226354,0.236511,0.216877,cluster2
0.193105,0.194463,0.225686,0.192797,0.196101,0.229718,0.172569,0.177131,0.210663,0.264525,0.263999,0.296009,0.239622,0.242014,0.277651,0.231137,0.23392,0.271428,0.186595,0.191345,0.226334,0.18829,0.193589,0.232191,0.188021,0.193721,0.230723,cluster2
0.466167,0.466437,0.513833,0.176934,0.181649,0.21785,0.184234,0.194197,0.241341,0.144331,0.149349,0.185034,0.170458,0.180244,0.2304,0.163609,0.178096,0.232041,0.173614,0.186173,0.245019,0.174843,0.189418,0.251257,0.178658,0.195064,0.256038,cluster2
0.267209,0.269994,0.319704,0.19595,0.205377,0.273277,0.123506,0.137254,0.223985,0.267881,0.270867,0.319647,0.189622,0.199313,0.268441,0.119383,0.13383,0.220831,0.267402,0.270342,0.318288,0.185626,0.194336,0.265034,0.118446,0.132541,0.219907,cluster2
0.315614,0.304146,0.337179,0.218359,0.217411,0.25861,0.180353,0.186934,0.229624,0.325071,0.316276,0.349291,0.205644,0.206501,0.249023,0.171495,0.176265,0.221349,0.353297,0.344051,0.376505,0.197142,0.200032,0.242141,0.161819,0.167824,0.210936,cluster2
0.341834,0.370713,0.421692,0.204474,0.237173,0.290625,0.167924,0.195682,0.249433,0.349754,0.379056,0.431223,0.203021,0.236009,0.289011,0.165321,0.192845,0.247531,0.322438,0.351665,0.403381,0.209957,0.242164,0.294437,0.165694,0.194473,0.248121,cluster2
0.446842,0.430175,0.453254,0.258493,0.250097,0.280809,0.219278,0.213189,0.243772,0.436249,0.418776,0.439652,0.289251,0.276041,0.305103,0.245353,0.234718,0.263002,0.398957,0.380067,0.401276,0.279504,0.267343,0.296692,0.2535,0.246064,0.272709,cluster3
0.408784,0.450094,0.686621,0.339058,0.369881,0.560668,0.244624,0.254342,0.347657,0.422316,0.469208,0.725921,0.332903,0.361483,0.539761,0.227276,0.230578,0.29345,0.4031,0.446623,0.689077,0.293156,0.316261,0.45714,0.217087,0.218924,0.278698,cluster3
0.170368,0.206635,0.298873,0.121561,0.155628,0.248176,0.115794,0.149398,0.241097,0.165774,0.203078,0.294936,0.117133,0.151598,0.243813,0.115638,0.148828,0.240235,0.155175,0.193102,0.284246,0.115799,0.149642,0.241986,0.116023,0.147594,0.238768,cluster2
0.140823,0.174808,0.262344,0.138887,0.172523,0.261049,0.121652,0.154789,0.238906,0.137412,0.172144,0.260089,0.136793,0.170034,0.25883,0.120756,0.153603,0.236452,0.134727,0.169994,0.257398,0.134886,0.168497,0.256636,0.121008,0.154312,0.237376,cluster2
0.12143,0.159224,0.251317,0.134102,0.174579,0.267741,0.138602,0.179244,0.269533,0.120997,0.159856,0.251138,0.130536,0.171457,0.265537,0.134409,0.175131,0.267721,0.120497,0.160542,0.251032,0.128576,0.170238,0.264208,0.130873,0.17134,0.264627,cluster2
0.136232,0.157441,0.243329,0.12234,0.145617,0.229032,0.119121,0.141665,0.224685,0.133958,0.155932,0.240803,0.123785,0.14727,0.231507,0.119296,0.143382,0.226897,0.132631,0.153851,0.237587,0.12951,0.149866,0.233502,0.127329,0.14842,0.230604,cluster2
0.140123,0.165902,0.257289,0.099159,0.125579,0.223512,0.095941,0.118496,0.219042,0.135473,0.15988,0.252176,0.097932,0.124205,0.222326,0.09605,0.118835,0.217823,0.131944,0.155076,0.246926,0.097299,0.122123,0.219668,0.095875,0.118674,0.215071,cluster2
0.182725,0.196994,0.272547,0.11652,0.133296,0.223104,0.096128,0.115375,0.207081,0.176549,0.191207,0.268069,0.112937,0.131466,0.221505,0.09578,0.115243,0.207986,0.172242,0.18758,0.265788,0.111467,0.130576,0.220612,0.09666,0.115875,0.209654,cluster2
0.154068,0.173139,0.213096,0.114447,0.129261,0.174667,0.106294,0.122677,0.166894,0.183648,0.199825,0.241483,0.123928,0.138023,0.184186,0.113913,0.126873,0.175726,0.17349,0.187653,0.224463,0.120476,0.136048,0.178936,0.118943,0.132471,0.177096,cluster2
0.130104,0.156488,0.19707,0.128692,0.154153,0.193659,0.130907,0.156285,0.195234,0.141154,0.159571,0.20019,0.136097,0.157835,0.194855,0.139027,0.16222,0.193811,0.174169,0.176593,0.211911,0.175486,0.17704,0.206697,0.174874,0.178205,0.20388,cluster2
0.11877,0.144599,0.194671,0.12667,0.151727,0.197364,0.158855,0.185278,0.218769,0.120769,0.147275,0.196577,0.127968,0.154004,0.19826,0.170878,0.196367,0.225759,0.124495,0.15156,0.200249,0.138357,0.164843,0.204875,0.205221,0.220662,0.239818,cluster2
0.099047,0.112945,0.196679,0.131273,0.136404,0.209853,0.222095,0.221087,0.268231,0.101206,0.114296,0.199513,0.148304,0.152148,0.227194,0.239748,0.238368,0.286837,0.103386,0.115921,0.200052,0.139995,0.143443,0.215167,0.226044,0.225279,0.271269,cluster2
0.210292,0.219913,0.267304,0.16297,0.17061,0.22031,0.435569,0.445633,0.511325,0.138173,0.150012,0.203716,0.15827,0.171144,0.230793,0.122692,0.131329,0.169985,0.135758,0.15105,0.213143,0.144292,0.159655,0.222018,0.128547,0.143885,0.200169,cluster2
0.215511,0.213464,0.249554,0.255636,0.246272,0.275842,0.270791,0.257636,0.283309,0.188355,0.193208,0.23432,0.205607,0.208807,0.245655,0.228935,0.226511,0.258698,0.17402,0.182116,0.223807,0.189947,0.19676,0.236181,0.196794,0.200889,0.235881,cluster2
0.198717,0.228083,0.205849,0.210304,0.239178,0.214827,0.236654,0.261546,0.236778,0.201796,0.229293,0.210662,0.21897,0.245854,0.222315,0.246112,0.270636,0.242796,0.223765,0.248965,0.226069,0.244033,0.268713,0.239905,0.275256,0.293458,0.266318,cluster2
0.220782,0.252177,0.255761,0.207738,0.241162,0.249788,0.199816,0.233315,0.241594,0.227054,0.257966,0.260954,0.211188,0.244867,0.25304,0.202252,0.236465,0.245671,0.242209,0.265207,0.269987,0.221114,0.249987,0.258675,0.207401,0.23956,0.248269,cluster2
0.280539,0.276799,0.292557,0.24643,0.251962,0.274358,0.223922,0.23331,0.26053,0.244549,0.244277,0.265646,0.217742,0.223602,0.252739,0.186071,0.199668,0.232301,0.24354,0.248062,0.27554,0.188805,0.197376,0.228247,0.178496,0.190714,0.224425,cluster2
0.273703,0.274583,0.299198,0.239066,0.242856,0.273891,0.184991,0.19415,0.239162,0.28412,0.280576,0.305289,0.243887,0.246646,0.279758,0.179833,0.188873,0.234926,0.292726,0.289119,0.31352,0.253375,0.255344,0.286909,0.186256,0.193701,0.238218,cluster2
0.298226,0.313179,0.332995,0.241145,0.267249,0.287146,0.205226,0.236786,0.259126,0.329931,0.339717,0.362097,0.235613,0.261516,0.282699,0.195332,0.22725,0.248679,0.316235,0.32534,0.348417,0.238201,0.261259,0.283521,0.195409,0.225359,0.247097,cluster2
0.33945,0.345965,0.368227,0.249848,0.269441,0.299443,0.205563,0.232436,0.26345,0.349199,0.353296,0.374608,0.250996,0.271126,0.301234,0.209333,0.236368,0.265161,0.346817,0.349613,0.371249,0.258175,0.275418,0.304135,0.214997,0.241899,0.269638,cluster2
0.357238,0.364379,0.386828,0.260738,0.281068,0.305185,0.213092,0.240413,0.267634,0.325879,0.336328,0.358909,0.241683,0.266404,0.294226,0.207063,0.236991,0.264415,0.315688,0.330437,0.355506,0.232211,0.259994,0.29038,0.205522,0.237639,0.26759,cluster2
0.409534,0.415152,0.508483,0.306224,0.316547,0.399862,0.236631,0.244497,0.293479,0.36692,0.37435,0.456875,0.266774,0.277925,0.330545,0.212607,0.227366,0.276227,0.269693,0.276971,0.328107,0.232339,0.245252,0.296846,0.2002,0.216643,0.266955,cluster3
0.151994,0.188077,0.279583,0.152599,0.185998,0.279477,0.125573,0.158308,0.248361,0.153192,0.189077,0.279699,0.151515,0.185261,0.277837,0.123741,0.156372,0.245562,0.154211,0.189009,0.279389,0.149803,0.183285,0.274846,0.123496,0.156567,0.244617,cluster2
0.142188,0.180435,0.275107,0.138977,0.179025,0.276413,0.139455,0.174742,0.269695,0.139855,0.178475,0.27274,0.137875,0.177573,0.275949,0.137184,0.172624,0.267627,0.139074,0.176746,0.270853,0.136377,0.176416,0.274909,0.13429,0.169797,0.26354,cluster2
0.120605,0.155044,0.239635,0.160192,0.189457,0.276854,0.150181,0.179539,0.267405,0.123577,0.158031,0.244495,0.161871,0.191033,0.277956,0.148047,0.177377,0.265497,0.128682,0.162355,0.249865,0.159574,0.18794,0.274763,0.145705,0.17452,0.263141,cluster2
0.120173,0.157649,0.24973,0.132214,0.173055,0.268749,0.135891,0.175274,0.269207,0.12395,0.160659,0.253348,0.133784,0.175083,0.270173,0.13468,0.175066,0.268511,0.130402,0.167504,0.260891,0.142854,0.185037,0.28142,0.138197,0.179043,0.27356,cluster2
0.142618,0.168626,0.252745,0.124811,0.149218,0.235907,0.111953,0.13708,0.221068,0.147627,0.172499,0.257669,0.128094,0.152099,0.237914,0.113503,0.137709,0.222878,0.157662,0.181154,0.267455,0.130165,0.154754,0.240296,0.118713,0.142501,0.227646,cluster2
0.181448,0.194156,0.270754,0.174668,0.184276,0.263136,0.075665,0.078894,0.118955,0.177739,0.189541,0.265323,0.172037,0.181482,0.26174,0.078324,0.082274,0.124909,0.188301,0.199,0.271259,0.163499,0.17216,0.248531,0.075682,0.079988,0.121435,cluster2
0.178717,0.198148,0.222229,0.141703,0.164884,0.196538,0.12439,0.143136,0.177904,0.188047,0.20549,0.226315,0.157184,0.177558,0.206574,0.132568,0.151826,0.185036,0.186154,0.201234,0.223231,0.16126,0.180179,0.207766,0.151698,0.168775,0.199706,cluster2
0.167133,0.201296,0.192008,0.186593,0.220734,0.204964,0.211611,0.242336,0.220675,0.167355,0.201151,0.190757,0.185107,0.219228,0.20226,0.20904,0.24106,0.219284,0.170331,0.205417,0.194365,0.186996,0.219583,0.201841,0.212789,0.243576,0.221502,cluster2
0.070203,0.077072,0.120791,0.186996,0.198955,0.271421,0.220839,0.233094,0.2961,0.073374,0.081002,0.125287,0.189725,0.202749,0.27663,0.220079,0.232425,0.2976,0.094815,0.103492,0.152147,0.186367,0.199721,0.271102,0.216716,0.228911,0.293496,cluster2
0.105549,0.133675,0.217509,0.127743,0.149697,0.226696,0.376735,0.345434,0.382214,0.105058,0.134106,0.219104,0.114677,0.141107,0.223249,0.365395,0.338278,0.378492,0.107787,0.137373,0.220196,0.11312,0.139288,0.221479,0.323714,0.30958,0.359593,cluster2
0.156822,0.164103,0.236739,0.220192,0.225081,0.284311,0.267336,0.269817,0.316156,0.139104,0.144918,0.211072,0.216159,0.220662,0.278156,0.255107,0.258418,0.303713,0.115825,0.120224,0.176684,0.209874,0.214939,0.270288,0.249139,0.252796,0.298019,cluster2
0.214181,0.235829,0.233787,0.236547,0.247991,0.242235,0.28307,0.283531,0.275311,0.200847,0.226433,0.225431,0.222801,0.2405,0.237525,0.270925,0.274822,0.26974,0.195834,0.220515,0.218552,0.219221,0.238745,0.236235,0.256091,0.263704,0.259409,cluster2
0.274808,0.287007,0.24364,0.268343,0.280398,0.237776,0.25555,0.271201,0.229178,0.272375,0.283806,0.24223,0.260609,0.273366,0.23192,0.251107,0.265969,0.226966,0.270368,0.280704,0.244689,0.258045,0.270025,0.235571,0.249562,0.264317,0.231294,cluster2
0.223538,0.261504,0.272199,0.216536,0.255183,0.268328,0.217939,0.256551,0.273103,0.224726,0.262812,0.273488,0.216003,0.255058,0.268936,0.219746,0.259088,0.273252,0.227712,0.264186,0.27351,0.216579,0.255691,0.266312,0.224756,0.262582,0.274956,cluster2
0.259134,0.279469,0.322566,0.231032,0.25486,0.299856,0.204013,0.229692,0.276887,0.256482,0.27709,0.321767,0.227022,0.252024,0.297653,0.199679,0.22543,0.273504,0.256352,0.277048,0.321982,0.228023,0.253001,0.297868,0.199027,0.224211,0.271719,cluster2
0.308095,0.270793,0.313432,0.302958,0.265404,0.310865,0.126737,0.123577,0.176148,0.305256,0.268535,0.311174,0.296843,0.260229,0.306085,0.115227,0.112926,0.163013,0.303162,0.266704,0.308566,0.290791,0.255472,0.302654,0.117633,0.113076,0.162531,cluster2
0.297058,0.296935,0.326097,0.269103,0.276342,0.311196,0.217776,0.23313,0.276029,0.279935,0.281973,0.314224,0.246791,0.254733,0.292432,0.194444,0.210113,0.258297,0.268265,0.272679,0.304048,0.236861,0.247489,0.285153,0.181705,0.199807,0.252992,cluster2
0.34767,0.337845,0.359726,0.281085,0.283028,0.306993,0.236588,0.247325,0.279393,0.315648,0.312233,0.335228,0.242415,0.253561,0.282354,0.208162,0.226206,0.261478,0.280718,0.285501,0.314172,0.211545,0.229473,0.264168,0.190563,0.21053,0.249104,cluster2
0.413973,0.389268,0.421462,0.339839,0.327307,0.364282,0.22836,0.231585,0.270878,0.325331,0.311303,0.348385,0.268719,0.269915,0.313664,0.205842,0.218336,0.262244,0.223124,0.22684,0.271447,0.190079,0.202406,0.252319,0.171243,0.187553,0.235297,cluster2
0.427981,0.392942,0.418583,0.345658,0.324988,0.352523,0.298037,0.288668,0.322901,0.327738,0.312824,0.347127,0.266961,0.26586,0.304156,0.221039,0.224365,0.261715,0.24187,0.24754,0.288527,0.209604,0.220364,0.263943,0.178508,0.188601,0.228444,cluster2
0.188742,0.213634,0.298103,0.159633,0.185541,0.27288,0.130238,0.153605,0.236779,0.18662,0.211489,0.294669,0.158096,0.183412,0.270018,0.127821,0.151422,0.234199,0.183464,0.209034,0.292137,0.156495,0.180896,0.266477,0.12915,0.153396,0.236296,cluster2
0.165446,0.185881,0.267158,0.165048,0.183208,0.264868,0.162815,0.181642,0.266413,0.151816,0.172686,0.252417,0.154079,0.17411,0.255871,0.150097,0.171222,0.253813,0.132327,0.15052,0.220342,0.139215,0.159987,0.23343,0.137844,0.159315,0.234607,cluster2
0.131788,0.160581,0.242878,0.181347,0.214182,0.304218,0.164223,0.194504,0.285377,0.14645,0.175892,0.263496,0.181618,0.213558,0.302614,0.163089,0.192686,0.282981,0.150606,0.179786,0.267696,0.181576,0.212499,0.302059,0.163917,0.191118,0.281522,cluster2
0.164664,0.195985,0.282532,0.165106,0.19623,0.283803,0.166271,0.197124,0.284393,0.163964,0.195728,0.281203,0.164351,0.1959,0.282428,0.164762,0.196239,0.283882,0.164324,0.197883,0.284832,0.164149,0.197404,0.285202,0.163959,0.196987,0.28594,cluster2
0.14338,0.167822,0.261234,0.145564,0.170343,0.263193,0.145856,0.169867,0.260591,0.17739,0.201332,0.293949,0.176843,0.199916,0.291183,0.176297,0.196928,0.28764,0.23197,0.248058,0.327096,0.239787,0.253142,0.331494,0.259855,0.27075,0.356737,cluster2
0.149081,0.159027,0.225655,0.140997,0.154241,0.223936,0.118551,0.133692,0.196622,0.181573,0.190521,0.257242,0.167578,0.179678,0.249329,0.153347,0.16667,0.23537,0.215026,0.219789,0.28646,0.199322,0.205881,0.271454,0.183671,0.19209,0.258593,cluster2
0.147123,0.169765,0.194683,0.137091,0.163286,0.187564,0.137567,0.163721,0.186801,0.175952,0.19562,0.215107,0.161877,0.183566,0.202448,0.155048,0.176741,0.197393,0.218137,0.231097,0.241645,0.199991,0.216764,0.229417,0.181774,0.199535,0.215578,cluster2
0.143821,0.162216,0.21277,0.155931,0.173686,0.224752,0.159645,0.175314,0.221582,0.171778,0.189779,0.23498,0.154057,0.173032,0.217909,0.149194,0.160667,0.19041,0.155503,0.16939,0.205586,0.163402,0.172832,0.204245,0.392098,0.383133,0.39323,cluster2
0.153002,0.173426,0.252394,0.145892,0.163725,0.240878,0.253097,0.240191,0.292648,0.156028,0.175067,0.252348,0.148062,0.163562,0.238521,0.29825,0.279898,0.331025,0.163641,0.180582,0.257104,0.159661,0.171966,0.245638,0.313307,0.290389,0.348616,cluster2
0.121189,0.151291,0.231256,0.148392,0.177891,0.280917,0.375273,0.405433,0.591912,0.125012,0.15339,0.233164,0.141955,0.170135,0.257845,0.344999,0.375408,0.556472,0.126151,0.152891,0.232393,0.139726,0.167329,0.253088,0.337313,0.365264,0.520149,cluster2
0.171074,0.186722,0.263185,0.235988,0.235536,0.294186,0.340383,0.322295,0.357312,0.16702,0.184695,0.26111,0.239867,0.239707,0.296016,0.336531,0.320287,0.354561,0.166038,0.184422,0.258708,0.235893,0.235858,0.292643,0.328871,0.314873,0.348248,cluster2
0.238422,0.239791,0.272157,0.246161,0.246237,0.277224,0.319795,0.303734,0.328466,0.208509,0.215506,0.248688,0.228798,0.231028,0.26548,0.306778,0.294505,0.317976,0.215816,0.220787,0.24973,0.220819,0.223598,0.254105,0.289797,0.28049,0.306258,cluster2
0.267145,0.278083,0.240783,0.27722,0.287488,0.249179,0.28429,0.292122,0.254742,0.264505,0.276864,0.240893,0.279101,0.289884,0.252268,0.288025,0.295683,0.259712,0.26642,0.28065,0.247097,0.277337,0.290599,0.254543,0.28844,0.297945,0.265195,cluster2
0.263737,0.266964,0.316593,0.259167,0.264752,0.316014,0.257571,0.262369,0.313968,0.268478,0.271837,0.325725,0.265661,0.271974,0.325312,0.258126,0.263529,0.318521,0.257995,0.263909,0.317327,0.254395,0.26205,0.316647,0.246772,0.256255,0.312353,cluster2
0.28265,0.278819,0.334273,0.268052,0.265648,0.31748,0.243313,0.244455,0.30205,0.289212,0.283365,0.336393,0.271857,0.269517,0.321503,0.242573,0.243628,0.301541,0.307149,0.305499,0.376015,0.276931,0.274877,0.330048,0.24773,0.247886,0.304698,cluster2
0.273666,0.276294,0.321009,0.274465,0.277065,0.321634,0.206764,0.216457,0.280537,0.273443,0.277146,0.320279,0.274388,0.277124,0.320775,0.197189,0.207787,0.27423,0.275219,0.277279,0.320349,0.274004,0.276586,0.319609,0.187222,0.197767,0.265213,cluster2
0.322704,0.296162,0.320877,0.326608,0.298022,0.320772,0.324879,0.294792,0.318743,0.26615,0.246194,0.279492,0.265968,0.245045,0.277787,0.270803,0.248852,0.280113,0.233053,0.220016,0.257696,0.227615,0.215671,0.25285,0.228388,0.215905,0.254742,cluster2
0.328116,0.318259,0.362742,0.350591,0.33812,0.383428,0.374174,0.362212,0.408442,0.28208,0.274226,0.328278,0.295287,0.283474,0.337967,0.28339,0.275572,0.331887,0.124014,0.12119,0.155976,0.127973,0.123305,0.155799,0.133338,0.1311,0.168592,cluster2
0.654656,0.656479,0.714658,0.60736,0.607621,0.664425,0.247542,0.249649,0.308337,0.125992,0.130273,0.161922,0.100324,0.104271,0.136878,0.139688,0.147006,0.195191,0.15556,0.169662,0.231553,0.167626,0.181948,0.249549,0.167275,0.18189,0.250322,cluster2
0.493227,0.459521,0.480636,0.383453,0.354377,0.380593,0.378643,0.355908,0.3849,0.324105,0.307388,0.339043,0.26849,0.257899,0.291773,0.297982,0.290906,0.328359,0.204476,0.202143,0.247854,0.195484,0.196331,0.238873,0.171598,0.173126,0.21232,cluster3
0.192064,0.206729,0.278624,0.193647,0.209831,0.281748,0.194901,0.209414,0.280881,0.194105,0.20729,0.276051,0.202037,0.215873,0.287284,0.201557,0.216539,0.289449,0.217284,0.229673,0.300437,0.199023,0.213264,0.285446,0.207917,0.221865,0.29572,cluster2
0.249028,0.237449,0.27908,0.24715,0.235911,0.276862,0.23563,0.228556,0.270355,0.235599,0.230814,0.270784,0.233483,0.229241,0.269263,0.2154,0.212691,0.255652,0.242716,0.240808,0.280828,0.234543,0.234352,0.274575,0.221688,0.220357,0.265171,cluster2
0.239334,0.234066,0.295857,0.222441,0.220167,0.28303,0.212605,0.213111,0.270884,0.231311,0.229321,0.292611,0.218847,0.219325,0.282413,0.205891,0.208492,0.266852,0.225221,0.227014,0.290602,0.208907,0.213967,0.280296,0.1983,0.202623,0.263573,cluster2
0.259338,0.248985,0.315499,0.250749,0.243196,0.314786,0.247583,0.240587,0.312287,0.246349,0.243389,0.309707,0.241919,0.238999,0.3094,0.237218,0.235695,0.305702,0.226423,0.230475,0.294827,0.228728,0.232682,0.299422,0.223737,0.227768,0.293242,cluster2
0.205427,0.228244,0.31442,0.221671,0.241697,0.321904,0.249479,0.263752,0.335205,0.188526,0.215359,0.305732,0.193143,0.218548,0.307905,0.203079,0.226285,0.310553,0.178793,0.21017,0.297779,0.179586,0.211155,0.300013,0.18346,0.21352,0.302295,cluster2
0.180783,0.183509,0.23429,0.17188,0.175521,0.226147,0.16868,0.172934,0.222436,0.202973,0.199378,0.247574,0.202975,0.1971,0.243961,0.202815,0.194085,0.238331,0.314253,0.272651,0.295531,0.310439,0.26526,0.290073,0.307425,0.262164,0.28808,cluster2
0.121988,0.141232,0.206681,0.120376,0.139358,0.204506,0.121263,0.140127,0.20293,0.1415,0.152931,0.212994,0.142271,0.153072,0.210495,0.149814,0.157965,0.212705,0.298024,0.252977,0.281894,0.307921,0.25935,0.28314,0.320654,0.266892,0.286562,cluster2
0.127164,0.144907,0.209819,0.117743,0.1361,0.197419,0.136152,0.152911,0.21335,0.13288,0.146434,0.204878,0.12479,0.1374,0.193828,0.131261,0.143691,0.204064,0.338393,0.340063,0.389214,0.379574,0.380307,0.428485,0.251701,0.253498,0.304654,cluster2
0.157317,0.179867,0.22165,0.213325,0.22591,0.265562,0.210773,0.221797,0.26074,0.170605,0.190039,0.233232,0.224744,0.234357,0.271432,0.226489,0.230678,0.26666,0.232809,0.246663,0.286446,0.29662,0.298279,0.33669,0.312266,0.306124,0.345267,cluster2
0.180738,0.181758,0.246799,0.261404,0.255687,0.292721,0.286101,0.280019,0.313613,0.188032,0.187732,0.250015,0.268489,0.260572,0.296291,0.291605,0.283949,0.317177,0.194353,0.193414,0.253578,0.273241,0.26388,0.298755,0.294915,0.286079,0.319326,cluster2
0.144997,0.167427,0.248426,0.32144,0.301311,0.35182,0.347968,0.326962,0.374615,0.161117,0.183029,0.260974,0.321159,0.300748,0.351139,0.347292,0.326127,0.37454,0.155659,0.176123,0.251967,0.326837,0.305331,0.354747,0.352314,0.329967,0.377984,cluster2
0.187997,0.207051,0.246546,0.284541,0.283601,0.307468,0.357932,0.348839,0.36884,0.19307,0.213313,0.25016,0.277187,0.277128,0.302667,0.348954,0.34125,0.362482,0.189628,0.210946,0.249004,0.274868,0.274672,0.300541,0.334748,0.328435,0.350458,cluster2
0.27578,0.277647,0.321127,0.276595,0.27868,0.323745,0.278445,0.285169,0.321743,0.276188,0.279833,0.320298,0.275952,0.27866,0.323755,0.275871,0.281774,0.321011,0.278013,0.285477,0.318905,0.275757,0.279689,0.32226,0.276891,0.283496,0.320287,cluster2
0.284524,0.26895,0.327319,0.286801,0.270797,0.328684,0.288177,0.271646,0.328857,0.280187,0.264016,0.321144,0.282175,0.264409,0.321298,0.283489,0.265265,0.320928,0.280224,0.264335,0.325305,0.280042,0.261619,0.318258,0.281068,0.261425,0.316798,cluster2
0.279818,0.304517,0.369577,0.271269,0.295656,0.365094,0.259184,0.283432,0.353463,0.275182,0.298516,0.36166,0.266679,0.290649,0.359131,0.259461,0.283214,0.352577,0.29389,0.312885,0.371543,0.264041,0.283893,0.346939,0.260313,0.280754,0.346031,cluster3
0.228183,0.237965,0.257993,0.387685,0.378727,0.402399,0.276082,0.279086,0.301733,0.207388,0.217062,0.236222,0.396073,0.383902,0.407551,0.257655,0.259561,0.28148,0.235049,0.244597,0.263512,0.324767,0.321074,0.344,0.236525,0.243407,0.264347,cluster2
0.291539,0.304358,0.300166,0.32486,0.341252,0.320956,0.31442,0.34155,0.302269,0.271065,0.282135,0.286499,0.292029,0.298907,0.304179,0.273269,0.285174,0.281844,0.252537,0.268262,0.270914,0.271099,0.283801,0.290194,0.253081,0.266461,0.275097,cluster2
0.281647,0.2909,0.359764,0.318645,0.32047,0.379553,0.354556,0.350795,0.402165,0.216447,0.238286,0.318836,0.239857,0.257851,0.331706,0.275939,0.286313,0.351019,0.191475,0.21661,0.302317,0.200491,0.224362,0.308925,0.217091,0.237362,0.316925,cluster2
0.416208,0.530495,0.304972,0.411326,0.517807,0.30416,0.408087,0.505382,0.310195,0.251908,0.254733,0.269284,0.258173,0.259841,0.276587,0.264875,0.264421,0.283229,0.266671,0.266894,0.305155,0.259659,0.258751,0.29796,0.262028,0.259973,0.300509,cluster3
0.430132,0.438913,0.605879,0.439968,0.44816,0.62205,0.430448,0.436024,0.602872,0.327709,0.336664,0.461402,0.331814,0.340752,0.469929,0.332364,0.34112,0.471172,0.153917,0.159569,0.208929,0.150688,0.15808,0.208191,0.167706,0.175199,0.228738,cluster3
0.255186,0.247834,0.291192,0.274249,0.268036,0.302042,0.279351,0.278539,0.315191,0.257751,0.250628,0.293309,0.27342,0.267994,0.30249,0.277642,0.277728,0.315538,0.259945,0.254293,0.295247,0.273943,0.269809,0.304565,0.277095,0.277664,0.31542,cluster2
0.29713,0.268452,0.277706,0.273121,0.250345,0.26045,0.26241,0.249103,0.25965,0.29915,0.271942,0.280984,0.271713,0.250258,0.260249,0.247547,0.238863,0.250007,0.282016,0.261758,0.273833,0.261101,0.244259,0.258684,0.242527,0.234771,0.248835,cluster2
0.286078,0.270325,0.317235,0.283951,0.262763,0.305352,0.266126,0.240448,0.283271,0.283671,0.268565,0.314928,0.281497,0.261285,0.304237,0.257787,0.234866,0.280512,0.280817,0.267036,0.314399,0.277904,0.260666,0.304132,0.250634,0.230766,0.278659,cluster2
0.332252,0.297172,0.327329,0.305889,0.273456,0.308782,0.285267,0.254222,0.289138,0.311258,0.279646,0.320305,0.28908,0.260272,0.300248,0.275348,0.248363,0.28569,0.288707,0.265983,0.309573,0.271013,0.247913,0.291097,0.261973,0.238313,0.277854,cluster2
0.290842,0.276014,0.293637,0.2483,0.237938,0.259729,0.223055,0.217295,0.240044,0.293106,0.27721,0.29399,0.273789,0.259377,0.279702,0.247224,0.236636,0.257831,0.331707,0.309517,0.328076,0.314341,0.294415,0.314333,0.303741,0.285814,0.304169,cluster2
0.203182,0.199485,0.223869,0.216426,0.208398,0.231188,0.238877,0.22519,0.245334,0.268956,0.248718,0.264857,0.277052,0.251291,0.267419,0.29318,0.264537,0.279786,0.343997,0.307468,0.317398,0.361582,0.32062,0.331885,0.381894,0.337847,0.350276,cluster2
0.129484,0.14319,0.207007,0.139294,0.150828,0.215863,0.146928,0.154893,0.213419,0.17742,0.170434,0.22229,0.196378,0.182953,0.232982,0.231916,0.202135,0.23817,0.396701,0.331668,0.348522,0.448222,0.365457,0.369074,0.457123,0.373031,0.375008,cluster2
0.142208,0.150242,0.20073,0.153878,0.163079,0.214312,0.234182,0.242961,0.286407,0.106671,0.110146,0.13151,0.104763,0.112569,0.154637,0.143687,0.153133,0.204693,0.740625,0.739945,0.747967,0.283876,0.285293,0.302659,0.148873,0.154306,0.19147,cluster2
0.174748,0.199395,0.270229,0.173048,0.199268,0.270317,0.165346,0.188785,0.263319,0.196678,0.220696,0.286338,0.196071,0.219782,0.286288,0.19109,0.215238,0.282816,0.358296,0.368531,0.428739,0.358913,0.36845,0.429941,0.349027,0.357584,0.420065,cluster2
0.185258,0.198867,0.252681,0.25384,0.252921,0.301761,0.289263,0.281605,0.326693,0.175723,0.192483,0.247814,0.24909,0.252198,0.301602,0.31345,0.3007,0.343483,0.178804,0.19758,0.251271,0.291663,0.289872,0.336161,0.401545,0.387131,0.429607,cluster2
0.176407,0.184813,0.242301,0.278923,0.259189,0.296677,0.389442,0.344334,0.365557,0.167935,0.179317,0.238087,0.304362,0.276167,0.307865,0.405901,0.360242,0.37976,0.175335,0.185636,0.243504,0.32497,0.290502,0.319222,0.403184,0.358005,0.38,cluster2
0.198318,0.197567,0.223477,0.244426,0.237195,0.256836,0.405134,0.372334,0.38053,0.198526,0.200124,0.226566,0.243841,0.236313,0.257131,0.414467,0.379311,0.385512,0.199372,0.201431,0.230129,0.252588,0.24271,0.262841,0.405337,0.373569,0.382251,cluster2
0.270728,0.280325,0.292929,0.298471,0.338721,0.28812,0.353658,0.443128,0.284388,0.271248,0.279462,0.294096,0.302276,0.341582,0.291774,0.361049,0.449707,0.290461,0.272421,0.276325,0.298566,0.298589,0.325302,0.299704,0.350172,0.4215,0.297175,cluster3
0.478301,0.642203,0.348982,0.473285,0.648603,0.332967,0.471392,0.632907,0.345223,0.427547,0.612313,0.281216,0.42808,0.622439,0.272266,0.426843,0.606774,0.285284,0.415271,0.603053,0.267823,0.419366,0.615385,0.26351,0.416374,0.597855,0.273685,cluster1
0.320047,0.341262,0.324688,0.288786,0.278485,0.328485,0.280916,0.271048,0.319273,0.321436,0.342309,0.324712,0.289029,0.278865,0.328077,0.282814,0.272933,0.320986,0.31714,0.33447,0.323441,0.288806,0.278557,0.327537,0.283178,0.273248,0.321017,cluster3
0.306806,0.296469,0.340763,0.31141,0.302665,0.34702,0.300121,0.292461,0.336472,0.303287,0.293191,0.338851,0.315121,0.307114,0.350541,0.300785,0.292292,0.336655,0.297319,0.289166,0.33623,0.314426,0.306192,0.350599,0.298394,0.288581,0.33403,cluster3
0.319126,0.302359,0.340887,0.325961,0.308639,0.347779,0.330069,0.312926,0.352109,0.288955,0.277543,0.31997,0.291148,0.27946,0.323836,0.292682,0.279917,0.325,0.277874,0.27026,0.31335,0.276063,0.268642,0.314377,0.278221,0.267254,0.313002,cluster3
0.374021,0.318002,0.35297,0.375072,0.318909,0.354705,0.370541,0.315852,0.350367,0.333019,0.282725,0.318217,0.345063,0.291743,0.326403,0.353098,0.299237,0.333584,0.260287,0.220476,0.259602,0.272562,0.231998,0.271029,0.294963,0.250485,0.287206,cluster3
0.433017,0.422976,0.468713,0.44701,0.436099,0.478444,0.459366,0.445984,0.488226,0.288115,0.292076,0.358329,0.309175,0.310527,0.373946,0.319901,0.319574,0.381051,0.217373,0.232809,0.307331,0.241724,0.257494,0.333718,0.238639,0.252763,0.327471,cluster3
0.462068,0.415036,0.431751,0.430664,0.38993,0.408849,0.370679,0.339466,0.366001,0.378231,0.340736,0.362194,0.318022,0.291093,0.319071,0.286217,0.265978,0.301933,0.352989,0.322303,0.346509,0.288921,0.268065,0.299884,0.265493,0.247895,0.284037,cluster3
0.305094,0.265571,0.294583,0.312486,0.269593,0.298733,0.320246,0.27576,0.304491,0.306494,0.268257,0.295785,0.322009,0.280348,0.305714,0.34356,0.296821,0.323565,0.322432,0.281058,0.304974,0.34726,0.300042,0.323786,0.388441,0.336326,0.358512,cluster3
0.331738,0.26236,0.297718,0.334008,0.245915,0.280368,0.345553,0.243382,0.276406,0.323541,0.255481,0.290917,0.324549,0.23402,0.26999,0.339532,0.243011,0.277347,0.313148,0.250264,0.284538,0.322259,0.237839,0.271829,0.348268,0.26512,0.294563,cluster2
0.335467,0.316279,0.324234,0.298463,0.284943,0.287621,0.274846,0.261257,0.265937,0.331379,0.31538,0.32479,0.300438,0.285265,0.286199,0.276701,0.262042,0.264705,0.314241,0.305091,0.314486,0.291838,0.278377,0.279617,0.274709,0.259544,0.261757,cluster2
0.363664,0.302809,0.333231,0.336882,0.281132,0.311754,0.329405,0.264564,0.293908,0.349259,0.293119,0.326499,0.333244,0.279285,0.31195,0.316485,0.256531,0.288229,0.324533,0.274547,0.312863,0.303267,0.255072,0.289392,0.269948,0.222973,0.254907,cluster3
0.328515,0.288637,0.305208,0.322323,0.285649,0.300389,0.329901,0.296269,0.312573,0.349915,0.311552,0.330065,0.343044,0.305756,0.326392,0.318016,0.28559,0.305375,0.382449,0.34216,0.365633,0.363827,0.32781,0.353529,0.345535,0.312578,0.336783,cluster3
0.245545,0.238021,0.244429,0.246996,0.237602,0.24425,0.272665,0.257105,0.259895,0.339267,0.318674,0.316852,0.340134,0.318531,0.320217,0.351977,0.326912,0.32678,0.426336,0.389182,0.387233,0.424687,0.388973,0.386147,0.426494,0.391095,0.38745,cluster3
0.144932,0.150751,0.211352,0.145296,0.1474,0.2052,0.174561,0.166141,0.217117,0.341397,0.274969,0.293423,0.38675,0.305477,0.311267,0.396272,0.311694,0.316175,0.523985,0.40896,0.397979,0.542711,0.422466,0.407218,0.560111,0.436557,0.419388,cluster3
0.181721,0.183015,0.230156,0.208649,0.211137,0.270487,0.184735,0.185308,0.237583,0.199769,0.189963,0.207832,0.096321,0.086079,0.104929,0.113871,0.103869,0.125056,0.891158,0.871196,0.871492,0.876524,0.856098,0.855624,0.774354,0.753856,0.754594,cluster3
0.184827,0.20246,0.27634,0.175231,0.19189,0.264897,0.16562,0.182949,0.255255,0.269722,0.289724,0.366874,0.252551,0.273644,0.34526,0.243254,0.26424,0.334376,0.368295,0.391058,0.497817,0.358052,0.373837,0.455903,0.333423,0.346733,0.418484,cluster2
0.2373,0.230647,0.284515,0.263345,0.254795,0.315376,0.231815,0.226206,0.283486,0.198528,0.194364,0.245442,0.190145,0.186285,0.228498,0.16952,0.166978,0.199587,0.192294,0.188542,0.228193,0.461836,0.457563,0.48503,0.710888,0.707559,0.732462,cluster2
0.211074,0.205687,0.246708,0.25044,0.237555,0.281424,0.276267,0.263858,0.299035,0.153278,0.154088,0.195102,0.233981,0.226505,0.263302,0.557322,0.547406,0.578448,0.150923,0.150197,0.191958,0.206226,0.202501,0.239472,0.654359,0.647801,0.681174,cluster2
0.149248,0.151543,0.176149,0.488907,0.489333,0.505566,0.851064,0.8488,0.85847,0.144458,0.15123,0.195468,0.092838,0.094704,0.119787,0.236732,0.236412,0.255764,0.172163,0.181373,0.236907,0.179674,0.189961,0.252214,0.164557,0.172372,0.226112,cluster2
0.235742,0.224008,0.260499,0.346679,0.320146,0.344853,0.370834,0.342228,0.366769,0.277191,0.25892,0.297856,0.34216,0.312663,0.339101,0.368215,0.336634,0.362485,0.314018,0.287033,0.320986,0.365171,0.33175,0.357836,0.379362,0.346185,0.37248,cluster3
0.285088,0.302064,0.336372,0.297245,0.31325,0.347571,0.342463,0.356746,0.395696,0.28207,0.300001,0.334216,0.295209,0.312098,0.34709,0.341554,0.356342,0.396596,0.281094,0.299638,0.333584,0.29528,0.312569,0.347927,0.3414,0.356643,0.398266,cluster3
0.32556,0.301411,0.353038,0.325309,0.302963,0.356476,0.317474,0.295769,0.349566,0.327106,0.302668,0.354867,0.327056,0.303512,0.357933,0.319851,0.297929,0.351497,0.328941,0.305727,0.358333,0.32746,0.304213,0.359647,0.319556,0.29796,0.352958,cluster3
0.31064,0.322128,0.362503,0.290642,0.300543,0.337968,0.301739,0.311168,0.350516,0.306536,0.318096,0.358499,0.289046,0.299916,0.337102,0.300633,0.310745,0.350256,0.300408,0.311907,0.351188,0.287193,0.298823,0.335014,0.299642,0.30975,0.348773,cluster3
0.358561,0.302812,0.342548,0.359306,0.303494,0.342898,0.356038,0.299771,0.337597,0.347579,0.294517,0.33164,0.352107,0.299434,0.335556,0.34881,0.29556,0.331294,0.338881,0.290578,0.32862,0.350198,0.301703,0.337714,0.347589,0.297931,0.334773,cluster3
0.4324,0.337082,0.361997,0.408743,0.319524,0.349197,0.371097,0.290905,0.322054,0.392418,0.307462,0.335857,0.396095,0.309632,0.338986,0.374953,0.295902,0.326896,0.319013,0.256017,0.284126,0.287079,0.223513,0.251913,0.377122,0.311681,0.339544,cluster3
0.414538,0.369707,0.391621,0.364421,0.327865,0.348395,0.320824,0.293685,0.318115,0.378904,0.341806,0.366887,0.350208,0.320987,0.343936,0.310988,0.287319,0.313045,0.337877,0.309289,0.335055,0.31435,0.293422,0.318345,0.28846,0.270495,0.295771,cluster3
0.405083,0.374314,0.398802,0.349611,0.327336,0.359075,0.286179,0.274396,0.320191,0.380006,0.352985,0.380729,0.327592,0.309724,0.346084,0.278075,0.270525,0.318737,0.349521,0.330214,0.360169,0.299585,0.288088,0.326665,0.260899,0.256616,0.304147,cluster3
0.320213,0.283158,0.319475,0.334723,0.293806,0.321863,0.386137,0.346288,0.372418,0.300954,0.26507,0.293929,0.32202,0.283461,0.311436,0.392923,0.35185,0.377228,0.303063,0.270016,0.296967,0.317184,0.278903,0.307759,0.393064,0.350793,0.376229,cluster3
0.313691,0.264147,0.296035,0.335146,0.280618,0.313115,0.390836,0.332785,0.364115,0.327084,0.276021,0.308527,0.339342,0.282498,0.31599,0.377977,0.318196,0.351374,0.333044,0.282209,0.315335,0.341475,0.287413,0.320034,0.360493,0.303605,0.337154,cluster3
0.337845,0.289282,0.31798,0.332987,0.28406,0.313216,0.335555,0.279762,0.307918,0.330526,0.287654,0.314966,0.329116,0.283613,0.310116,0.33182,0.277473,0.302881,0.338581,0.299014,0.326362,0.333389,0.289648,0.314797,0.335505,0.282655,0.307801,cluster3
0.370295,0.312887,0.342603,0.345986,0.290085,0.319522,0.344522,0.289854,0.316882,0.384149,0.329576,0.365287,0.368418,0.314449,0.348008,0.366199,0.313427,0.344313,0.378305,0.326226,0.359755,0.36451,0.314159,0.34363,0.352418,0.302528,0.330861,cluster3
0.325693,0.318476,0.315224,0.324091,0.31579,0.312058,0.321386,0.31259,0.308565,0.392413,0.378145,0.374284,0.388801,0.375462,0.370187,0.391495,0.375053,0.369696,0.412156,0.396292,0.388206,0.410984,0.39524,0.387088,0.420879,0.402174,0.394243,cluster3
0.385095,0.294736,0.323098,0.387366,0.295457,0.322963,0.401188,0.313026,0.33696,0.377696,0.297616,0.320991,0.363225,0.287078,0.309544,0.36632,0.292739,0.313697,0.485013,0.410198,0.4205,0.527585,0.456538,0.462627,0.516561,0.442913,0.447064,cluster3
0.294082,0.274754,0.289838,0.283741,0.268431,0.283292,0.296997,0.278022,0.290546,0.408053,0.367148,0.379282,0.414915,0.373471,0.384933,0.414122,0.371133,0.381847,0.541785,0.475489,0.48198,0.540614,0.476525,0.483175,0.527283,0.466666,0.474302,cluster3
0.130511,0.128889,0.164814,0.1282,0.126807,0.165924,0.142652,0.143435,0.192936,0.575292,0.566436,0.587701,0.518583,0.508906,0.532069,0.171284,0.167996,0.198232,0.606804,0.592231,0.611279,0.764444,0.748633,0.765186,0.468796,0.454816,0.478503,cluster3
0.243891,0.244834,0.31789,0.232374,0.233385,0.303661,0.225787,0.225322,0.295676,0.306021,0.315965,0.412082,0.329183,0.332907,0.404813,0.304125,0.306035,0.378232,0.420681,0.441364,0.603093,0.47957,0.500013,0.663896,0.42629,0.436509,0.567482,cluster3
0.202368,0.219329,0.296513,0.240804,0.255468,0.338282,0.303794,0.322565,0.448807,0.219993,0.234462,0.312367,0.331623,0.346984,0.459746,0.397138,0.421004,0.590568,0.250453,0.265113,0.363145,0.407997,0.427379,0.590023,0.460942,0.48365,0.671935,cluster3
0.17598,0.203945,0.319666,0.35215,0.390373,0.59843,0.435286,0.480913,0.709109,0.149304,0.175062,0.264116,0.352342,0.390137,0.586941,0.444642,0.49193,0.720901,0.150139,0.175027,0.259657,0.316854,0.350514,0.502336,0.427253,0.472141,0.686898,cluster3
0.160092,0.163495,0.211142,0.389926,0.351118,0.38216,0.499341,0.454245,0.4804,0.14753,0.155193,0.204872,0.365302,0.333882,0.369383,0.467745,0.425356,0.452437,0.14477,0.152924,0.205034,0.337021,0.31752,0.360807,0.443667,0.403496,0.431444,cluster3
0.316952,0.32586,0.369603,0.35242,0.357241,0.401263,0.375519,0.376209,0.418649,0.289621,0.305122,0.35424,0.333488,0.343868,0.391938,0.357609,0.362703,0.406793,0.257356,0.277652,0.332315,0.30103,0.317929,0.372736,0.322569,0.334133,0.384093,cluster3
0.35539,0.333175,0.386674,0.349354,0.328734,0.383298,0.341451,0.322339,0.375322,0.355883,0.334137,0.387883,0.346301,0.325975,0.380721,0.335883,0.31681,0.369693,0.354963,0.334347,0.388531,0.34641,0.327726,0.382154,0.337894,0.319388,0.37278,cluster3
0.355659,0.334831,0.382396,0.332956,0.316136,0.364991,0.329761,0.311632,0.360376,0.34792,0.327392,0.375551,0.330666,0.313304,0.361642,0.327587,0.309684,0.3589,0.343283,0.323963,0.371468,0.32927,0.31126,0.35895,0.326374,0.308245,0.357162,cluster3
0.349033,0.315391,0.361032,0.334346,0.299169,0.345641,0.329708,0.295088,0.343351,0.333535,0.299558,0.346758,0.341004,0.305366,0.355428,0.336845,0.30172,0.352592,0.339286,0.305596,0.355757,0.339194,0.305269,0.355921,0.336077,0.30284,0.355093,cluster3
0.39128,0.283379,0.318883,0.394605,0.280173,0.314734,0.398176,0.288863,0.320829,0.381926,0.273233,0.308807,0.393753,0.28344,0.316702,0.392595,0.290472,0.322444,0.340151,0.252407,0.28386,0.413839,0.320666,0.347842,0.437934,0.350072,0.37565,cluster3
0.430048,0.318184,0.343802,0.3905,0.281749,0.314281,0.386132,0.272474,0.304374,0.40664,0.298932,0.328204,0.379873,0.273788,0.307566,0.376106,0.263784,0.296772,0.391228,0.290344,0.320175,0.378095,0.27515,0.308702,0.366912,0.259461,0.292086,cluster3
0.37249,0.351352,0.37425,0.319251,0.305624,0.329273,0.261762,0.252855,0.282591,0.347923,0.324877,0.349106,0.321194,0.303936,0.329763,0.298657,0.284126,0.313638,0.349262,0.328213,0.355214,0.327988,0.310972,0.338915,0.30235,0.288207,0.319711,cluster3
0.394575,0.460282,0.324721,0.325311,0.34497,0.317338,0.270564,0.262029,0.301084,0.410568,0.476871,0.337279,0.332342,0.35109,0.32204,0.276134,0.26646,0.303805,0.405667,0.463037,0.341357,0.332249,0.346306,0.324627,0.279845,0.269858,0.306018,cluster3
0.319163,0.26688,0.290971,0.310865,0.253191,0.278237,0.455902,0.393542,0.407315,0.319735,0.265794,0.29376,0.319957,0.263345,0.290148,0.477567,0.413364,0.4246,0.322439,0.268815,0.3015,0.326965,0.271764,0.298303,0.487208,0.42418,0.435836,cluster3
0.340097,0.31155,0.331685,0.37462,0.337876,0.358561,0.445727,0.402895,0.419598,0.325766,0.298466,0.319079,0.365853,0.328369,0.35003,0.448839,0.406127,0.422462,0.355242,0.326157,0.345138,0.35807,0.322404,0.343942,0.432323,0.391518,0.410066,cluster3
0.383506,0.327768,0.358944,0.389411,0.333035,0.364959,0.387569,0.331577,0.364053,0.387943,0.332169,0.364861,0.385525,0.330643,0.365653,0.390345,0.336655,0.37247,0.390282,0.333281,0.367009,0.385396,0.32861,0.364414,0.391805,0.336167,0.371925,cluster3
0.465382,0.383686,0.399669,0.467111,0.384756,0.401,0.462547,0.383312,0.400879,0.463497,0.384933,0.401418,0.467345,0.38674,0.403632,0.461288,0.383946,0.400106,0.450967,0.379772,0.400211,0.458882,0.38363,0.405042,0.454347,0.379281,0.399873,cluster3
0.427883,0.378307,0.390182,0.393131,0.345619,0.360164,0.366253,0.323456,0.342274,0.444441,0.398004,0.407491,0.428097,0.381851,0.394053,0.412264,0.368767,0.381728,0.488884,0.441303,0.453879,0.470264,0.426488,0.437799,0.453686,0.413439,0.42584,cluster3
0.316191,0.295369,0.306474,0.382607,0.342273,0.339341,0.426296,0.376039,0.365824,0.458544,0.406402,0.394386,0.469841,0.413398,0.397079,0.463522,0.407397,0.393323,0.515257,0.449667,0.440394,0.515343,0.449807,0.439964,0.502036,0.439616,0.428108,cluster3
0.459298,0.406217,0.422246,0.360774,0.298565,0.308769,0.353033,0.302509,0.313124,0.40323,0.34599,0.356437,0.443363,0.370119,0.375417,0.427825,0.370295,0.376298,0.619424,0.536988,0.540432,0.602735,0.519021,0.518023,0.600436,0.528691,0.526526,cluster3
0.275672,0.211363,0.229454,0.314824,0.238839,0.251502,0.325404,0.253112,0.266001,0.585558,0.460785,0.456025,0.617748,0.488064,0.480321,0.627013,0.504082,0.49507,0.765103,0.614986,0.593964,0.793635,0.642005,0.618913,0.763209,0.615062,0.590513,cluster1
0.208581,0.18039,0.191873,0.145411,0.118654,0.129518,0.183273,0.150888,0.165413,0.855381,0.814878,0.80947,0.846583,0.80602,0.799945,0.687423,0.644575,0.639657,0.610065,0.565678,0.563365,0.716943,0.672427,0.667712,0.708833,0.663918,0.659145,cluster1
0.249762,0.224826,0.254391,0.169179,0.152342,0.171873,0.212135,0.199807,0.215571,0.170964,0.156286,0.173703,0.576849,0.551549,0.555666,0.735836,0.712064,0.713371,0.182849,0.170171,0.183998,0.756234,0.733078,0.734378,0.791783,0.767054,0.766058,cluster3
0.2623,0.238732,0.270098,0.4354,0.387428,0.413974,0.509701,0.458475,0.4819,0.240563,0.220882,0.252686,0.442287,0.393487,0.417702,0.535348,0.483131,0.50255,0.248824,0.233126,0.26606,0.464739,0.414829,0.436462,0.547219,0.494949,0.512655,cluster3
0.217034,0.209545,0.242975,0.416325,0.361173,0.365854,0.494328,0.420207,0.415504,0.215372,0.212289,0.246961,0.460399,0.392295,0.392372,0.473319,0.401345,0.398032,0.224311,0.216116,0.248172,0.446944,0.382416,0.38566,0.46148,0.391233,0.388078,cluster3
0.374275,0.363475,0.406947,0.389983,0.376363,0.416662,0.40326,0.386375,0.42469,0.354458,0.348993,0.394172,0.370469,0.362369,0.403731,0.384112,0.372557,0.412343,0.315255,0.320372,0.371045,0.338853,0.339926,0.387582,0.357469,0.35443,0.396864,cluster3
0.323756,0.342858,0.382014,0.351821,0.369386,0.413898,0.297312,0.312293,0.354618,0.327448,0.346492,0.386536,0.350409,0.367712,0.411574,0.29406,0.309069,0.350208,0.33067,0.349791,0.3902,0.348664,0.366089,0.40919,0.292417,0.307957,0.348572,cluster3
0.369002,0.323501,0.358634,0.378729,0.33288,0.367812,0.382937,0.337445,0.370787,0.365599,0.319497,0.353909,0.37058,0.323453,0.357197,0.371689,0.326139,0.357671,0.354535,0.311689,0.346108,0.35905,0.31426,0.348269,0.356797,0.312162,0.345615,cluster3
0.4313,0.316735,0.342653,0.432437,0.314853,0.343358,0.428036,0.308398,0.339009,0.437156,0.31873,0.344168,0.434705,0.314523,0.342427,0.423887,0.304036,0.333992,0.442603,0.320932,0.346119,0.434153,0.311882,0.339892,0.422387,0.301225,0.331069,cluster3
0.382936,0.283394,0.319756,0.391506,0.283884,0.320269,0.407061,0.295352,0.329764,0.384795,0.283484,0.320185,0.402959,0.294068,0.330876,0.411277,0.301066,0.336253,0.389772,0.291146,0.326943,0.416345,0.310961,0.343214,0.4173,0.316138,0.347291,cluster3
0.411143,0.292745,0.331326,0.411174,0.290353,0.328186,0.411329,0.291471,0.328712,0.400726,0.287748,0.3292,0.402176,0.287051,0.326375,0.403254,0.287878,0.325828,0.38921,0.28901,0.325686,0.39708,0.294347,0.328445,0.396867,0.295596,0.329514,cluster3
0.411258,0.341104,0.362847,0.382534,0.320033,0.344709,0.351555,0.295436,0.325754,0.409283,0.343599,0.36594,0.371322,0.311318,0.339876,0.330835,0.277666,0.308605,0.413113,0.349027,0.37419,0.369727,0.312763,0.343855,0.33872,0.288617,0.318673,cluster3
0.360512,0.374704,0.421723,0.29888,0.309669,0.347047,0.288129,0.295713,0.332646,0.358903,0.372544,0.416322,0.295114,0.305872,0.342098,0.290403,0.298183,0.335003,0.35618,0.368543,0.40791,0.297307,0.307523,0.341665,0.296231,0.302724,0.338148,cluster3
0.290336,0.241052,0.258595,0.265634,0.235414,0.246559,0.810534,0.785553,0.785194,0.350788,0.285168,0.297703,0.229888,0.189196,0.200021,0.595964,0.562825,0.562195,0.454107,0.373767,0.385979,0.4065,0.327831,0.336108,0.351525,0.299799,0.302033,cluster3
0.41994,0.340872,0.366756,0.393522,0.30443,0.324119,0.613914,0.496048,0.49165,0.414779,0.333353,0.357958,0.399327,0.307334,0.327311,0.624981,0.506624,0.500853,0.378861,0.29391,0.318558,0.415973,0.319216,0.337959,0.638206,0.519156,0.511568,cluster3
0.489083,0.448902,0.45954,0.50102,0.461644,0.473477,0.517129,0.477613,0.490477,0.487222,0.449098,0.462868,0.502678,0.461856,0.474238,0.518445,0.477098,0.487938,0.451545,0.417746,0.437709,0.487073,0.449705,0.46646,0.503936,0.464207,0.477373,cluster1
0.552621,0.477113,0.477528,0.558376,0.482322,0.482678,0.550052,0.474393,0.477155,0.463694,0.397055,0.403156,0.460885,0.395863,0.402271,0.479937,0.41406,0.420006,0.603483,0.536375,0.53155,0.58204,0.513923,0.510093,0.534444,0.466293,0.463032,cluster1
0.552213,0.430916,0.388116,0.55265,0.431115,0.388222,0.551637,0.430082,0.387806,0.551799,0.43061,0.387896,0.552813,0.43129,0.388294,0.551603,0.430134,0.387662,0.544085,0.425161,0.384451,0.552796,0.431278,0.388273,0.546266,0.42521,0.384604,cluster1
0.429019,0.352523,0.350926,0.49138,0.398434,0.384367,0.502363,0.409991,0.395806,0.521196,0.427297,0.415184,0.528355,0.43363,0.419484,0.52578,0.433773,0.419952,0.545627,0.45019,0.435959,0.542888,0.449779,0.435761,0.543811,0.452819,0.439518,cluster1
0.427113,0.373665,0.380382,0.43802,0.386578,0.393206,0.472728,0.419019,0.423232,0.501797,0.44745,0.45388,0.505185,0.450503,0.457497,0.522354,0.464377,0.470147,0.599934,0.540145,0.545548,0.590933,0.534022,0.541402,0.591451,0.534879,0.542804,cluster1
0.357309,0.295566,0.296009,0.365476,0.317378,0.320714,0.644697,0.594658,0.5943,0.632405,0.54953,0.548964,0.508609,0.435812,0.436136,0.332338,0.282459,0.285097,0.736421,0.645161,0.644081,0.767028,0.67919,0.679069,0.652616,0.561934,0.560022,cluster1
0.52258,0.465938,0.474699,0.357165,0.288934,0.290712,0.450413,0.388,0.399012,0.37848,0.349214,0.34927,0.223658,0.1934,0.193877,0.372373,0.341489,0.339945,0.948208,0.940775,0.937532,0.963896,0.956996,0.953632,0.921356,0.914261,0.911192,cluster1
0.46208,0.403141,0.379568,0.522298,0.459258,0.429006,0.517843,0.457868,0.426037,0.429102,0.371692,0.347497,0.434566,0.376041,0.347446,0.578678,0.516435,0.485129,0.439072,0.390559,0.364896,0.652941,0.595988,0.573553,0.811123,0.753745,0.733716,cluster1
0.340428,0.263857,0.293055,0.450341,0.365436,0.380827,0.562259,0.485652,0.489546,0.338856,0.258988,0.288916,0.469271,0.387099,0.39976,0.664775,0.586257,0.579993,0.354537,0.275544,0.301668,0.501163,0.419203,0.428268,0.685803,0.604058,0.593406,cluster3
0.313917,0.290912,0.300158,0.407037,0.365566,0.36998,0.464059,0.418086,0.423474,0.332655,0.307756,0.316212,0.449967,0.403313,0.406535,0.489721,0.438751,0.443925,0.376354,0.343951,0.350611,0.454457,0.40852,0.414656,0.489161,0.439628,0.445996,cluster3
0.371726,0.370206,0.369734,0.377143,0.375456,0.374065,0.387857,0.385343,0.383234,0.368515,0.366685,0.366779,0.380745,0.37918,0.375514,0.39414,0.391501,0.386344,0.368747,0.365459,0.367629,0.380357,0.378442,0.375861,0.394644,0.392492,0.386079,cluster3
0.378871,0.363157,0.381236,0.378336,0.363233,0.380605,0.372004,0.357126,0.376459,0.394752,0.377851,0.39777,0.406116,0.389842,0.408735,0.400511,0.383169,0.400462,0.376803,0.363884,0.38253,0.379913,0.367852,0.387197,0.378287,0.363019,0.384532,cluster3
0.393317,0.335747,0.338584,0.415604,0.354939,0.356524,0.420583,0.362907,0.36545,0.421706,0.358648,0.360132,0.42616,0.363154,0.367182,0.433177,0.371497,0.375156,0.434484,0.372977,0.375669,0.436278,0.37494,0.378107,0.435262,0.373679,0.379003,cluster3
0.4966,0.380177,0.376939,0.490443,0.372173,0.372683,0.439181,0.326344,0.345956,0.501628,0.385894,0.378817,0.484747,0.367259,0.367882,0.423051,0.311433,0.336108,0.500413,0.387051,0.375795,0.468197,0.355026,0.358112,0.411078,0.301937,0.331441,cluster3
0.457412,0.347458,0.366872,0.463668,0.354094,0.373419,0.453658,0.347172,0.366821,0.417624,0.317301,0.33917,0.41584,0.317363,0.340732,0.411885,0.314725,0.339192,0.396711,0.304886,0.327154,0.401251,0.310477,0.334238,0.381279,0.29829,0.325167,cluster3
0.430527,0.354982,0.383607,0.423189,0.347865,0.377269,0.421781,0.347028,0.376412,0.400021,0.32875,0.360846,0.403744,0.33236,0.363391,0.391184,0.323559,0.357799,0.365251,0.300405,0.334138,0.354031,0.29082,0.323374,0.339906,0.280387,0.313405,cluster3
0.430082,0.418242,0.439572,0.373665,0.366665,0.392415,0.333407,0.32984,0.357333,0.407411,0.399693,0.422676,0.355413,0.349307,0.373629,0.319243,0.316309,0.341859,0.374467,0.366776,0.387924,0.348635,0.342797,0.36481,0.335381,0.333812,0.358375,cluster3
0.372952,0.345473,0.36782,0.368324,0.349773,0.36912,0.252214,0.250078,0.271159,0.412641,0.382301,0.403127,0.427206,0.402185,0.422365,0.307039,0.297095,0.32085,0.406673,0.374107,0.394497,0.406317,0.377913,0.397908,0.318513,0.302724,0.327885,cluster3
0.409821,0.364808,0.384444,0.408345,0.361721,0.375819,0.559988,0.503872,0.505811,0.399402,0.359096,0.375129,0.432443,0.390135,0.403769,0.59188,0.537372,0.537532,0.384968,0.350987,0.365967,0.413538,0.373542,0.384675,0.552638,0.49806,0.500019,cluster3
0.511067,0.4735,0.498404,0.512562,0.473962,0.499608,0.514515,0.474909,0.500629,0.509596,0.472834,0.496632,0.510969,0.47368,0.498693,0.512943,0.475033,0.500738,0.509762,0.47275,0.498374,0.512442,0.474695,0.500948,0.514894,0.476702,0.503455,cluster1
0.534114,0.500321,0.515655,0.518844,0.487405,0.502066,0.5136,0.484236,0.497414,0.563318,0.525261,0.544856,0.55625,0.51876,0.539997,0.557356,0.520926,0.541511,0.568657,0.530509,0.55139,0.566139,0.528481,0.550592,0.565947,0.530129,0.550816,cluster1
0.618331,0.475323,0.46442,0.613777,0.472616,0.459182,0.618276,0.478553,0.463806,0.633068,0.484262,0.473971,0.633136,0.484143,0.471209,0.632273,0.484738,0.470694,0.6444,0.494411,0.483753,0.632733,0.482532,0.470912,0.659782,0.504533,0.489285,cluster1
0.594763,0.455906,0.449822,0.606308,0.467241,0.457799,0.615404,0.476156,0.462202,0.592451,0.453347,0.443546,0.596113,0.459543,0.44934,0.617134,0.479693,0.465864,0.620188,0.479254,0.466235,0.606591,0.46689,0.453004,0.623418,0.482112,0.465497,cluster1
0.620907,0.382726,0.393828,0.615271,0.38527,0.392133,0.618827,0.407542,0.407291,0.622445,0.393786,0.402426,0.595729,0.381327,0.386422,0.603981,0.405597,0.403391,0.664306,0.440694,0.440599,0.621876,0.410627,0.412653,0.601494,0.413795,0.412402,cluster1
0.587931,0.404073,0.403943,0.555972,0.377672,0.380082,0.548166,0.385231,0.386181,0.661166,0.474039,0.463621,0.618021,0.437975,0.431369,0.560187,0.398984,0.396592,0.722963,0.53416,0.514085,0.685859,0.501767,0.484675,0.625453,0.458045,0.444645,cluster1
0.550375,0.415076,0.406783,0.548963,0.41379,0.406453,0.543601,0.413466,0.404532,0.670833,0.516566,0.493931,0.648368,0.495026,0.473252,0.63891,0.489975,0.469431,0.740469,0.582175,0.55288,0.730976,0.570349,0.541864,0.697164,0.539064,0.513475,cluster1
0.511347,0.631103,0.389518,0.490934,0.619516,0.363963,0.506687,0.631435,0.383101,0.615418,0.706204,0.51655,0.590416,0.691404,0.484332,0.595213,0.695752,0.490945,0.664984,0.740435,0.578672,0.653916,0.734358,0.563969,0.646384,0.730545,0.554594,cluster4
0.501008,0.39728,0.400378,0.536816,0.421511,0.414531,0.636346,0.503805,0.486751,0.530177,0.412869,0.405861,0.641191,0.50394,0.485322,0.717965,0.571814,0.544657,0.65251,0.508208,0.487894,0.717452,0.567997,0.539479,0.749016,0.596241,0.565101,cluster1
0.1709,0.154561,0.163408,0.764399,0.747118,0.747555,0.739678,0.722266,0.723605,0.157919,0.138336,0.15103,0.612292,0.594011,0.596882,0.882334,0.866876,0.86589,0.292002,0.258207,0.286152,0.164572,0.145199,0.156095,0.228853,0.211602,0.217806,cluster3
0.193032,0.17365,0.206564,0.162104,0.150154,0.158439,0.855987,0.854184,0.856351,0.202469,0.18158,0.215657,0.089754,0.07874,0.087701,0.833271,0.831481,0.834049,0.20973,0.182243,0.204734,0.112072,0.100863,0.112558,0.792627,0.790239,0.793395,cluster3
0.36566,0.350492,0.362432,0.418011,0.394172,0.410194,0.439379,0.416231,0.433434,0.370469,0.353017,0.371154,0.414641,0.392783,0.409522,0.435635,0.414278,0.431339,0.372942,0.354114,0.375362,0.409941,0.390674,0.408568,0.431248,0.41264,0.430877,cluster3
0.393172,0.382899,0.38226,0.417238,0.407362,0.403878,0.393846,0.387738,0.388646,0.393548,0.383174,0.383191,0.413167,0.403414,0.400945,0.394268,0.38882,0.389729,0.413986,0.402241,0.40522,0.420455,0.412928,0.412904,0.387591,0.385734,0.388087,cluster3
0.4106,0.388359,0.415794,0.417093,0.394152,0.419858,0.42777,0.406922,0.42994,0.397773,0.378595,0.410886,0.403274,0.383191,0.412766,0.415363,0.394692,0.422267,0.384102,0.370126,0.40402,0.390591,0.375094,0.407881,0.405563,0.387183,0.418569,cluster3
0.827755,0.809629,0.809755,0.523444,0.496144,0.496115,0.301112,0.259839,0.263945,0.201939,0.169284,0.171363,0.25275,0.210728,0.213965,0.448164,0.376604,0.382388,0.532681,0.441317,0.445695,0.524926,0.43422,0.441318,0.566516,0.477683,0.483934,cluster3
0.445188,0.556721,0.340251,0.453999,0.565455,0.347193,0.449772,0.554521,0.348037,0.402181,0.51906,0.306864,0.414783,0.531464,0.316221,0.416302,0.525578,0.322449,0.251077,0.258927,0.283792,0.263908,0.269503,0.291578,0.277242,0.281416,0.30184,cluster3
0.471132,0.413969,0.426585,0.457298,0.400638,0.415542,0.430415,0.378917,0.396221,0.432037,0.379432,0.3971,0.415692,0.367229,0.387063,0.37651,0.334877,0.360274,0.372281,0.331681,0.357781,0.347261,0.313751,0.340895,0.309867,0.281371,0.312351,cluster3
0.449051,0.420157,0.437291,0.42138,0.39639,0.418458,0.374439,0.357434,0.382734,0.423991,0.39594,0.415302,0.396697,0.376085,0.399047,0.340649,0.329021,0.358026,0.393791,0.369494,0.394525,0.372216,0.356804,0.382837,0.319541,0.311922,0.341838,cluster3
0.404406,0.387305,0.403013,0.393431,0.376322,0.396583,0.339001,0.329533,0.355402,0.399011,0.383872,0.400525,0.386323,0.373424,0.394637,0.329734,0.324099,0.351617,0.39542,0.378676,0.397317,0.38174,0.369975,0.391658,0.322551,0.318821,0.346495,cluster3
0.53348,0.497337,0.530228,0.53358,0.498462,0.531372,0.533323,0.499124,0.53235,0.533546,0.49871,0.53216,0.533541,0.49959,0.532928,0.53331,0.500028,0.533363,0.536298,0.502056,0.53043,0.535946,0.502431,0.531029,0.535485,0.502607,0.531584,cluster1
0.585524,0.52653,0.529993,0.583996,0.525502,0.529006,0.601551,0.541435,0.544331,0.592611,0.531622,0.538949,0.579152,0.520055,0.528923,0.584556,0.526326,0.534244,0.552507,0.498457,0.509648,0.532063,0.480073,0.494112,0.528713,0.477923,0.493623,cluster1
0.617801,0.49419,0.481809,0.612201,0.489422,0.47445,0.615359,0.491682,0.477439,0.631805,0.50321,0.492748,0.622654,0.49407,0.48112,0.62335,0.49552,0.481645,0.635855,0.508542,0.499399,0.625444,0.494939,0.484457,0.630332,0.497329,0.485616,cluster1
0.636781,0.487271,0.476044,0.633256,0.481849,0.468733,0.63736,0.483667,0.468601,0.651057,0.496725,0.485187,0.647681,0.49017,0.476538,0.654196,0.492674,0.476622,0.657207,0.501383,0.489803,0.656753,0.497567,0.483941,0.668325,0.502336,0.485276,cluster1
0.633499,0.482422,0.467456,0.63857,0.486668,0.470549,0.648486,0.494853,0.47794,0.64336,0.486979,0.474315,0.639548,0.48256,0.468383,0.652908,0.494238,0.478073,0.653111,0.494147,0.481723,0.644155,0.483629,0.470031,0.656596,0.491942,0.474883,cluster1
0.653474,0.45126,0.444975,0.657967,0.454016,0.4457,0.658082,0.457834,0.44738,0.639672,0.440191,0.430198,0.640926,0.440729,0.4307,0.651435,0.456861,0.443565,0.667597,0.471012,0.457536,0.639187,0.443458,0.428995,0.649187,0.454688,0.437263,cluster1
0.698429,0.490721,0.473393,0.665466,0.45822,0.445081,0.643459,0.450092,0.440872,0.71172,0.512611,0.4919,0.663014,0.462039,0.443477,0.621148,0.433225,0.417433,0.722977,0.537309,0.514358,0.694641,0.505569,0.484515,0.665559,0.482586,0.46317,cluster1
0.632736,0.484803,0.473418,0.646148,0.494596,0.48222,0.663284,0.510549,0.496561,0.665515,0.517171,0.501409,0.661213,0.509238,0.492633,0.657916,0.506905,0.491813,0.704111,0.558449,0.538937,0.703954,0.553982,0.534597,0.687049,0.538495,0.521428,cluster1
0.574416,0.443036,0.433944,0.60726,0.472117,0.458668,0.645568,0.502834,0.484828,0.670127,0.521305,0.499451,0.694823,0.541682,0.516519,0.715975,0.559384,0.533156,0.725981,0.568743,0.542469,0.742542,0.581495,0.553488,0.749654,0.588374,0.560336,cluster4
0.641496,0.593591,0.522461,0.543388,0.520683,0.456124,0.808087,0.791464,0.748496,0.630431,0.590415,0.522374,0.545861,0.522735,0.458534,0.833597,0.821935,0.780811,0.68203,0.644769,0.577745,0.584823,0.567838,0.497525,0.761959,0.751747,0.699917,cluster4
0.306708,0.252505,0.246587,0.509262,0.479513,0.475622,0.978211,0.975949,0.975144,0.279381,0.224788,0.217632,0.496527,0.466152,0.461969,0.986295,0.98463,0.983876,0.314899,0.259825,0.252416,0.530319,0.501555,0.497488,0.957398,0.954248,0.953518,cluster4
0.402036,0.377996,0.414595,0.458342,0.442399,0.476342,0.651085,0.635423,0.659254,0.411391,0.390762,0.431603,0.461697,0.447935,0.484173,0.631303,0.617214,0.643308,0.434654,0.415351,0.456322,0.448453,0.434499,0.468512,0.592105,0.578492,0.605313,cluster1
0.384776,0.353753,0.384371,0.48655,0.456453,0.48251,0.505557,0.477496,0.504021,0.363431,0.338165,0.374298,0.483223,0.457466,0.484593,0.508563,0.482632,0.508076,0.334425,0.319672,0.361857,0.449096,0.427269,0.456586,0.483184,0.459398,0.487058,cluster3
0.393479,0.378279,0.387393,0.44753,0.428913,0.436612,0.447074,0.427729,0.436011,0.394947,0.379639,0.38979,0.450146,0.431732,0.439817,0.462703,0.441077,0.452125,0.398304,0.384072,0.39791,0.450167,0.433181,0.445456,0.467298,0.445033,0.459606,cluster3
0.4626,0.437555,0.454131,0.483828,0.456724,0.473658,0.51973,0.489832,0.505738,0.423478,0.401562,0.425259,0.458261,0.433825,0.456723,0.505141,0.477374,0.497251,0.380361,0.364276,0.395558,0.422525,0.40395,0.431247,0.503562,0.476728,0.49908,cluster1
0.591468,0.542453,0.537649,0.793417,0.756025,0.751135,0.797945,0.758164,0.751755,0.428986,0.363495,0.358749,0.207028,0.175276,0.17522,0.20478,0.172986,0.172023,0.526505,0.438238,0.430991,0.670874,0.582132,0.575522,0.71673,0.633642,0.628397,cluster1
0.467681,0.433558,0.46247,0.501207,0.466157,0.493481,0.487259,0.449979,0.47564,0.403516,0.3686,0.394839,0.430396,0.391934,0.416811,0.430644,0.393032,0.416894,0.386273,0.352929,0.382704,0.406947,0.368244,0.395051,0.417533,0.376444,0.402001,cluster3
0.458147,0.446971,0.490367,0.467596,0.454633,0.496106,0.469223,0.453856,0.493855,0.386944,0.388293,0.442082,0.400872,0.399522,0.45161,0.406636,0.403501,0.45475,0.310428,0.317457,0.385016,0.315165,0.321135,0.38804,0.321635,0.326192,0.391507,cluster3
0.418389,0.407541,0.429636,0.399653,0.389225,0.414662,0.362854,0.356008,0.387932,0.42079,0.412576,0.437325,0.394118,0.386593,0.414475,0.35091,0.346624,0.381214,0.416558,0.407413,0.436464,0.39632,0.387128,0.418082,0.345824,0.343419,0.37843,cluster3
0.431291,0.389805,0.411898,0.405404,0.367211,0.391852,0.34338,0.319066,0.345558,0.439297,0.396314,0.415763,0.417537,0.379048,0.402685,0.360201,0.332253,0.359413,0.441523,0.397232,0.416997,0.416774,0.376542,0.401988,0.364257,0.333808,0.361603,cluster3
0.577516,0.546185,0.567245,0.580436,0.546872,0.565697,0.582968,0.548706,0.565923,0.581758,0.549977,0.569417,0.583469,0.550269,0.568733,0.585467,0.551198,0.568635,0.575196,0.545812,0.567203,0.576915,0.545822,0.566915,0.579175,0.546806,0.566428,cluster1
0.60239,0.569874,0.588232,0.602551,0.570226,0.588948,0.602386,0.570609,0.589606,0.585998,0.552917,0.573459,0.5861,0.552805,0.573727,0.585207,0.552443,0.573534,0.518848,0.48189,0.506348,0.519952,0.482992,0.507572,0.520206,0.483929,0.508697,cluster1
0.649095,0.520827,0.508191,0.639651,0.509119,0.50066,0.63472,0.503419,0.494611,0.650173,0.52392,0.511441,0.647223,0.517104,0.507764,0.639113,0.505614,0.497172,0.645426,0.523113,0.513592,0.641842,0.516425,0.509106,0.6297,0.500621,0.494486,cluster1
0.651833,0.50093,0.488844,0.649246,0.496955,0.485258,0.649481,0.49529,0.483766,0.661499,0.509433,0.498153,0.659585,0.50578,0.494818,0.660814,0.504654,0.493367,0.669826,0.520711,0.506464,0.668649,0.517484,0.50338,0.671578,0.516671,0.502144,cluster1
0.653197,0.500057,0.487495,0.656257,0.502269,0.490515,0.657988,0.50136,0.488612,0.650728,0.497677,0.486216,0.649287,0.495953,0.485566,0.652564,0.495677,0.483669,0.655614,0.502601,0.490698,0.65113,0.497956,0.48702,0.650228,0.494677,0.481795,cluster1
0.692599,0.525712,0.506386,0.689841,0.520795,0.502221,0.67863,0.512634,0.49269,0.664878,0.504047,0.492154,0.657632,0.49593,0.482708,0.647516,0.490867,0.473889,0.655543,0.497223,0.484383,0.645831,0.486952,0.4748,0.643397,0.489944,0.474225,cluster1
0.725672,0.55154,0.531656,0.71146,0.541542,0.523275,0.641448,0.495551,0.485976,0.719678,0.547698,0.527902,0.711848,0.541569,0.520411,0.627866,0.484917,0.475,0.715153,0.546456,0.524271,0.713706,0.552008,0.529294,0.63717,0.498171,0.488855,cluster4
0.680977,0.530428,0.512875,0.675511,0.52701,0.508934,0.673421,0.525904,0.50821,0.686024,0.536688,0.517115,0.672808,0.52442,0.504129,0.672014,0.524916,0.504528,0.701602,0.556607,0.531771,0.693856,0.549756,0.525249,0.688815,0.545601,0.521551,cluster4
0.650429,0.508578,0.496898,0.661591,0.518933,0.504831,0.675792,0.532175,0.515534,0.667309,0.525147,0.509813,0.680538,0.536047,0.518886,0.685462,0.54072,0.522711,0.695218,0.555304,0.533164,0.704818,0.561477,0.539724,0.71024,0.5661,0.545027,cluster4
0.664453,0.51065,0.492149,0.67295,0.521245,0.500638,0.711645,0.554115,0.524086,0.655984,0.501412,0.482496,0.672775,0.517863,0.496936,0.720452,0.557972,0.529115,0.678484,0.520439,0.50101,0.692191,0.531823,0.510098,0.73023,0.564446,0.53944,cluster4
0.457788,0.505378,0.383448,0.574449,0.601909,0.508934,0.792625,0.795248,0.753231,0.437006,0.483065,0.360325,0.529649,0.559039,0.461615,0.749106,0.756912,0.704187,0.480069,0.522493,0.399801,0.539227,0.572978,0.467622,0.686132,0.698662,0.624752,cluster4
0.324499,0.30735,0.34538,0.515108,0.498966,0.545637,0.607184,0.59239,0.634961,0.384356,0.366182,0.408269,0.532269,0.518878,0.569318,0.595228,0.583003,0.626439,0.40507,0.391276,0.438227,0.498233,0.48558,0.535658,0.547789,0.535374,0.580367,cluster1
0.361824,0.351761,0.385779,0.513795,0.506274,0.539465,0.525744,0.517884,0.551525,0.36593,0.356448,0.391364,0.524512,0.51736,0.553141,0.545808,0.538299,0.57259,0.373435,0.365121,0.400621,0.505328,0.498669,0.535097,0.511168,0.503505,0.53715,cluster1
0.392878,0.376106,0.414806,0.610197,0.605459,0.642217,0.468796,0.469675,0.507159,0.420816,0.404567,0.443764,0.635234,0.630114,0.66545,0.473515,0.472163,0.506844,0.436704,0.418834,0.453754,0.579753,0.570326,0.600988,0.435994,0.429229,0.460627,cluster1
0.539211,0.583139,0.908937,0.527552,0.572624,0.909024,0.540213,0.583658,0.908208,0.435376,0.488814,0.88442,0.429005,0.483681,0.890238,0.444591,0.496052,0.880241,0.398042,0.44743,0.807658,0.40211,0.452879,0.82639,0.392802,0.436628,0.765055,cluster1
0.410359,0.452619,0.57505,0.421472,0.467254,0.591174,0.418961,0.464316,0.588756,0.396924,0.440631,0.555179,0.41226,0.460848,0.587136,0.407765,0.454615,0.580786,0.373722,0.414143,0.503476,0.381417,0.425054,0.527292,0.385307,0.428624,0.543579,cluster1
0.521007,0.501837,0.53175,0.521599,0.503087,0.53271,0.522474,0.504136,0.53315,0.431312,0.422143,0.46626,0.43615,0.426513,0.469834,0.43993,0.429943,0.472327,0.379796,0.377427,0.427873,0.390073,0.386727,0.435514,0.395596,0.391364,0.438969,cluster1
0.449735,0.425865,0.446903,0.427756,0.406932,0.43082,0.402897,0.379638,0.404174,0.454806,0.432066,0.454253,0.420861,0.399888,0.424121,0.406581,0.381841,0.409508,0.44645,0.422167,0.448366,0.424094,0.400426,0.428485,0.41271,0.387284,0.418563,cluster3
0.4418,0.419552,0.435554,0.388563,0.366374,0.390804,0.370462,0.349558,0.378485,0.444844,0.42409,0.441729,0.387405,0.365884,0.391723,0.368351,0.348874,0.377808,0.439375,0.419754,0.439451,0.387081,0.366604,0.394255,0.36459,0.346838,0.376824,cluster3
0.455525,0.401527,0.41236,0.402399,0.346995,0.364698,0.362704,0.316118,0.335448,0.466045,0.417695,0.428923,0.396176,0.348316,0.368084,0.343085,0.303838,0.32546,0.493861,0.449231,0.461806,0.398119,0.355267,0.374993,0.331635,0.297478,0.318479,cluster3
0.632614,0.599654,0.614332,0.631607,0.599553,0.614472,0.628267,0.597545,0.61344,0.634343,0.602259,0.617022,0.633256,0.602657,0.61711,0.630662,0.601047,0.616532,0.625611,0.593037,0.610169,0.626497,0.594804,0.611553,0.625231,0.594129,0.61154,cluster4
0.607754,0.577804,0.595699,0.606441,0.578456,0.598121,0.605359,0.578521,0.599565,0.607886,0.575695,0.593165,0.607681,0.57647,0.595017,0.606991,0.577052,0.596495,0.594355,0.560297,0.578621,0.593992,0.560806,0.579789,0.592299,0.560495,0.580595,cluster4
0.641854,0.553784,0.542004,0.635088,0.547622,0.536632,0.628938,0.541493,0.5313,0.636257,0.549182,0.541763,0.633585,0.547047,0.539058,0.629382,0.54377,0.536235,0.612864,0.529368,0.5302,0.618411,0.534086,0.534254,0.624462,0.541116,0.539944,cluster1
0.664428,0.517127,0.50414,0.656891,0.508229,0.496574,0.651661,0.501078,0.490506,0.662406,0.517366,0.505042,0.66199,0.514666,0.503754,0.658311,0.50773,0.497614,0.669408,0.528038,0.513314,0.66916,0.525851,0.511921,0.66688,0.520314,0.507294,cluster1
0.682486,0.527213,0.509481,0.68229,0.525755,0.508289,0.683826,0.525866,0.508546,0.659715,0.510507,0.49837,0.658752,0.509008,0.497418,0.661201,0.510387,0.498476,0.661037,0.515901,0.501132,0.656393,0.5115,0.497558,0.654025,0.508611,0.49541,cluster1
0.737196,0.570521,0.540306,0.738641,0.571075,0.539451,0.728373,0.563584,0.531706,0.674798,0.522107,0.505764,0.67168,0.517956,0.498416,0.670389,0.518193,0.49885,0.66573,0.514511,0.498665,0.656525,0.507103,0.489645,0.639859,0.494038,0.476957,cluster4
0.710967,0.553877,0.534891,0.69903,0.542084,0.523257,0.682895,0.528168,0.508632,0.703511,0.548171,0.529878,0.694948,0.540374,0.521164,0.682744,0.530181,0.508483,0.695173,0.542761,0.524659,0.691894,0.540903,0.521533,0.689933,0.540678,0.518551,cluster4
0.694003,0.549819,0.530766,0.688482,0.543836,0.523655,0.682476,0.540008,0.519523,0.693659,0.549284,0.529458,0.686907,0.54247,0.52209,0.68122,0.539151,0.518175,0.69452,0.55295,0.531269,0.689134,0.548772,0.526325,0.684155,0.545452,0.52271,cluster4
0.686628,0.544904,0.521841,0.684647,0.544302,0.521159,0.689561,0.548632,0.531274,0.687759,0.544538,0.521435,0.686153,0.543361,0.521017,0.689801,0.548951,0.53193,0.697003,0.552339,0.529499,0.694816,0.550995,0.528422,0.697962,0.555754,0.538019,cluster4
0.690103,0.531124,0.506854,0.705047,0.543659,0.519312,0.718476,0.553825,0.528412,0.671104,0.515549,0.492376,0.695247,0.533511,0.510083,0.722887,0.557804,0.535457,0.681591,0.522278,0.499377,0.684161,0.521754,0.499453,0.714571,0.549199,0.526994,cluster4
0.584758,0.460374,0.447123,0.696798,0.559072,0.537955,0.745191,0.601415,0.568858,0.569208,0.450701,0.438733,0.687069,0.555029,0.534999,0.741862,0.598482,0.568695,0.580444,0.468322,0.457561,0.628246,0.506255,0.489855,0.69947,0.560952,0.535539,cluster4
0.381384,0.302414,0.317398,0.637754,0.516805,0.508154,0.742374,0.613012,0.598589,0.338165,0.263449,0.278823,0.693101,0.568549,0.558543,0.743625,0.615156,0.60167,0.37822,0.297408,0.313903,0.701999,0.579652,0.569201,0.713541,0.588001,0.575053,cluster1
0.402382,0.372186,0.383368,0.772568,0.759827,0.766316,0.564743,0.544933,0.552255,0.379659,0.353897,0.364578,0.830658,0.82134,0.828322,0.520439,0.502611,0.509415,0.461249,0.440421,0.451181,0.838273,0.829611,0.836441,0.452837,0.43272,0.43904,cluster4
0.764503,0.758935,0.766276,0.701442,0.694212,0.700986,0.164905,0.147426,0.155503,0.593622,0.583176,0.591001,0.887417,0.885446,0.891434,0.369755,0.356928,0.364836,0.314957,0.299706,0.308955,0.808787,0.805071,0.811645,0.761399,0.754491,0.760048,cluster4
0.4772,0.487747,0.543278,0.615133,0.629763,0.678523,0.41102,0.421037,0.469256,0.495382,0.508045,0.567455,0.609369,0.626335,0.678133,0.404107,0.41573,0.466119,0.482283,0.49531,0.552742,0.583357,0.598706,0.651784,0.402825,0.414562,0.466433,cluster1
0.468749,0.466991,0.51973,0.472624,0.469644,0.520748,0.424563,0.414017,0.462343,0.479668,0.480267,0.534152,0.478588,0.481425,0.535926,0.417144,0.41078,0.460079,0.474951,0.47859,0.532531,0.470543,0.474239,0.52936,0.408023,0.400414,0.448883,cluster1
0.433724,0.418654,0.424422,0.432948,0.419353,0.426086,0.431185,0.417339,0.425605,0.454152,0.432723,0.444031,0.448174,0.42899,0.438402,0.447627,0.428406,0.436825,0.509844,0.477324,0.498232,0.503425,0.473702,0.491729,0.500709,0.472948,0.489658,cluster1
0.488165,0.457128,0.469764,0.431949,0.399669,0.41404,0.450212,0.418367,0.436149,0.464283,0.432305,0.448496,0.450302,0.417426,0.436665,0.411173,0.382305,0.403191,0.469254,0.439838,0.460417,0.466542,0.437303,0.462939,0.404175,0.376682,0.401816,cluster3
0.50827,0.481765,0.491309,0.399593,0.376572,0.39642,0.347224,0.326667,0.348872,0.507137,0.479812,0.487951,0.391897,0.369848,0.38838,0.348049,0.328877,0.349313,0.4941,0.469646,0.477736,0.380702,0.362677,0.381353,0.353364,0.337667,0.360595,cluster3
0.524336,0.435996,0.429861,0.378811,0.291445,0.308806,0.373021,0.293115,0.316013,0.529667,0.440996,0.432605,0.393034,0.304659,0.322299,0.365354,0.283586,0.306011,0.509743,0.424214,0.418925,0.383647,0.302764,0.32068,0.36521,0.286055,0.308782,cluster3
0.559019,0.456457,0.424942,0.805603,0.726329,0.684176,0.862452,0.782287,0.728717,0.545277,0.445084,0.415412,0.774201,0.696348,0.655678,0.826531,0.748476,0.700383,0.535358,0.445448,0.410999,0.69683,0.621334,0.578942,0.747188,0.674112,0.629196,cluster4
0.768112,0.660917,0.628354,0.801469,0.694707,0.658431,0.790489,0.686735,0.652672,0.743302,0.646129,0.634542,0.755342,0.656613,0.643716,0.734753,0.637501,0.62759,0.476074,0.394636,0.40414,0.55206,0.454151,0.457348,0.571471,0.467825,0.469313,cluster4
0.793641,0.783208,0.718822,0.816157,0.811252,0.754772,0.74652,0.743723,0.674717,0.635688,0.625219,0.523824,0.616556,0.606091,0.505848,0.589352,0.583803,0.479107,0.565347,0.56782,0.437475,0.547914,0.553673,0.422742,0.526347,0.536996,0.406156,cluster4
0.692341,0.551207,0.533508,0.68393,0.541352,0.523806,0.673797,0.530078,0.513142,0.668558,0.530259,0.517022,0.675516,0.536061,0.522734,0.660881,0.521032,0.508329,0.667769,0.534503,0.518784,0.662886,0.530533,0.516075,0.652729,0.518376,0.505325,cluster4
0.753698,0.596328,0.565903,0.75392,0.592819,0.558579,0.746541,0.588055,0.551905,0.642353,0.503851,0.490776,0.681296,0.538139,0.518772,0.676284,0.531286,0.510732,0.616694,0.486693,0.474972,0.630345,0.500057,0.485292,0.632526,0.498731,0.484457,cluster4
0.750942,0.584594,0.554794,0.741039,0.574673,0.546456,0.73549,0.568116,0.538984,0.715295,0.554154,0.53167,0.711266,0.550481,0.529916,0.709313,0.54546,0.521671,0.681432,0.531279,0.515833,0.677205,0.526343,0.510416,0.675765,0.522809,0.505489,cluster4
0.715246,0.554834,0.534442,0.708003,0.546651,0.530157,0.699988,0.540114,0.522938,0.710729,0.553288,0.534958,0.702779,0.543587,0.526674,0.695058,0.537031,0.518843,0.703072,0.549001,0.532572,0.697303,0.541168,0.524413,0.690677,0.536187,0.518753,cluster4
0.705189,0.560211,0.542323,0.696093,0.55184,0.531652,0.692278,0.549146,0.528414,0.706,0.562109,0.544948,0.694382,0.55167,0.530641,0.689504,0.547978,0.52591,0.707146,0.56582,0.546785,0.692959,0.553526,0.531172,0.689444,0.551248,0.527697,cluster4
0.698138,0.559252,0.539732,0.701151,0.558519,0.541229,0.700598,0.557738,0.54015,0.692396,0.554305,0.534463,0.696217,0.55522,0.538934,0.703907,0.560026,0.543935,0.689979,0.552975,0.529869,0.69057,0.553272,0.532581,0.694764,0.555236,0.53544,cluster4
0.677923,0.530692,0.510081,0.706765,0.551261,0.526581,0.72708,0.567665,0.542915,0.688036,0.534721,0.515961,0.719676,0.55948,0.535536,0.73579,0.573158,0.550425,0.69742,0.540298,0.520465,0.723177,0.559536,0.537639,0.733848,0.572217,0.550812,cluster4
0.642656,0.491182,0.471789,0.746906,0.57805,0.552261,0.756944,0.586768,0.558722,0.660487,0.503519,0.483502,0.757109,0.584896,0.559272,0.774713,0.602408,0.57718,0.675525,0.514582,0.493911,0.749341,0.576602,0.551003,0.766182,0.593765,0.568745,cluster4
0.534856,0.439769,0.440218,0.66113,0.56461,0.553138,0.695944,0.590783,0.570071,0.516541,0.428721,0.43079,0.684526,0.588248,0.576318,0.702129,0.601093,0.583421,0.532459,0.444566,0.445767,0.674201,0.577295,0.564636,0.675872,0.576136,0.559519,cluster4
0.609391,0.511229,0.51097,0.646189,0.550841,0.548226,0.618492,0.525708,0.52152,0.568201,0.478912,0.482667,0.627181,0.537362,0.536603,0.616067,0.527558,0.527457,0.478029,0.412432,0.424054,0.549939,0.480526,0.486964,0.54329,0.475082,0.482226,cluster1
0.65797,0.538449,0.53022,0.74207,0.624644,0.611166,0.585879,0.480391,0.474032,0.64908,0.542122,0.53846,0.726489,0.617348,0.610146,0.561121,0.467064,0.467444,0.470287,0.407648,0.412983,0.581169,0.504988,0.503677,0.431091,0.371579,0.378476,cluster1
0.559302,0.535506,0.571679,0.529413,0.506792,0.542628,0.484765,0.463366,0.497366,0.583714,0.56065,0.597484,0.547253,0.527298,0.565664,0.501402,0.481348,0.515721,0.563402,0.540419,0.576156,0.541294,0.520167,0.55807,0.495714,0.47602,0.511845,cluster1
0.494906,0.460346,0.478161,0.488023,0.454294,0.471744,0.479391,0.446735,0.463152,0.522527,0.485367,0.502157,0.521022,0.482913,0.501733,0.504675,0.467603,0.484183,0.536456,0.499662,0.519492,0.535676,0.495308,0.518175,0.530358,0.488612,0.508477,cluster1
0.432169,0.420909,0.425755,0.404302,0.399144,0.40172,0.376795,0.377131,0.377059,0.536859,0.505784,0.523126,0.513107,0.487278,0.501249,0.496696,0.476026,0.486621,0.563912,0.529541,0.548778,0.562836,0.528925,0.54881,0.563388,0.530433,0.549558,cluster1
0.534134,0.505132,0.514757,0.443838,0.415946,0.431493,0.37734,0.354473,0.37924,0.541252,0.513171,0.522324,0.444825,0.419296,0.43511,0.37773,0.358202,0.3833,0.534949,0.509864,0.523031,0.439283,0.41654,0.434232,0.380748,0.363097,0.38828,cluster1
0.826843,0.812914,0.812349,0.273458,0.254593,0.258989,0.347558,0.321995,0.330177,0.799518,0.782499,0.781444,0.242355,0.22041,0.223656,0.397348,0.365195,0.373077,0.259145,0.234893,0.235854,0.298407,0.258381,0.263883,0.472544,0.426157,0.433792,cluster3
0.476541,0.436606,0.437823,0.40542,0.341573,0.346715,0.421538,0.367016,0.377071,0.607314,0.569978,0.570452,0.316897,0.271325,0.277026,0.356939,0.314577,0.326605,0.650717,0.61699,0.619047,0.318482,0.282863,0.290907,0.3351,0.305334,0.31933,cluster3
0.17925,0.166544,0.173673,0.865752,0.85725,0.858007,0.688859,0.674437,0.675653,0.092065,0.079605,0.087609,0.83422,0.824826,0.825646,0.775843,0.762239,0.762578,0.11131,0.097678,0.108322,0.763374,0.752698,0.754445,0.815863,0.803252,0.803354,cluster4
0.64145,0.590333,0.505453,0.843325,0.788471,0.722945,0.794644,0.747287,0.666949,0.64175,0.594253,0.511293,0.811262,0.759532,0.692313,0.7359,0.686911,0.613133,0.559455,0.524105,0.435803,0.703367,0.669021,0.587293,0.672629,0.642926,0.552692,cluster4
0.491477,0.461807,0.458069,0.881982,0.862743,0.856224,0.685006,0.661822,0.660601,0.703026,0.679449,0.67589,0.887695,0.870223,0.864646,0.418735,0.391876,0.391659,0.809527,0.789499,0.786526,0.736882,0.715638,0.711526,0.308177,0.281461,0.283278,cluster4
0.833915,0.729391,0.690385,0.775788,0.65282,0.627532,0.650734,0.515244,0.508204,0.813754,0.70562,0.66656,0.776648,0.653681,0.630304,0.609578,0.478022,0.474948,0.782663,0.674322,0.640582,0.731897,0.615884,0.595573,0.613712,0.490626,0.484991,cluster4
0.772257,0.606529,0.571705,0.766188,0.599292,0.564397,0.75967,0.593441,0.556403,0.716885,0.557717,0.530665,0.733841,0.572235,0.543641,0.728898,0.568041,0.537906,0.639802,0.496898,0.482809,0.648548,0.505516,0.49,0.648462,0.504262,0.488509,cluster4
0.807216,0.605461,0.560411,0.804197,0.600845,0.555629,0.797255,0.594602,0.550586,0.748337,0.562392,0.524653,0.782001,0.586299,0.542523,0.784155,0.585957,0.540776,0.634652,0.476245,0.454883,0.695088,0.518702,0.489498,0.709598,0.526743,0.49365,cluster4
0.739801,0.583516,0.558767,0.729162,0.572297,0.546725,0.721841,0.562338,0.538539,0.728363,0.573349,0.55128,0.717468,0.560606,0.53887,0.709078,0.551738,0.529596,0.710611,0.560188,0.539938,0.706101,0.552282,0.532563,0.706328,0.552239,0.530621,cluster4
0.720856,0.563816,0.54213,0.713174,0.551541,0.53028,0.708393,0.549568,0.528232,0.724937,0.567628,0.54705,0.714787,0.557993,0.538415,0.710884,0.555583,0.534191,0.724332,0.572589,0.551476,0.717382,0.56683,0.545988,0.709532,0.55896,0.538106,cluster4
0.685073,0.54303,0.52353,0.690376,0.547817,0.527573,0.692278,0.549075,0.530084,0.705652,0.560475,0.542007,0.707009,0.562019,0.543717,0.710429,0.56505,0.547403,0.733587,0.585681,0.570764,0.733318,0.585879,0.571494,0.728725,0.581227,0.566667,cluster4
0.691333,0.58008,0.556216,0.682765,0.571984,0.548327,0.675934,0.563676,0.541364,0.694398,0.583198,0.561088,0.683429,0.57192,0.548329,0.676926,0.565454,0.543656,0.684212,0.574148,0.554031,0.681076,0.570155,0.549085,0.677099,0.566317,0.546133,cluster4
0.643635,0.51278,0.49716,0.696429,0.558862,0.536232,0.719358,0.574043,0.551642,0.656258,0.52322,0.510228,0.700498,0.558999,0.538873,0.723966,0.578488,0.557717,0.67895,0.542851,0.526567,0.706312,0.563195,0.542545,0.714999,0.574595,0.55395,cluster4
0.666836,0.528146,0.517808,0.686696,0.549059,0.537005,0.700668,0.567638,0.553831,0.595252,0.477876,0.4726,0.644395,0.520918,0.508562,0.664689,0.54212,0.527549,0.522096,0.428429,0.427921,0.587712,0.482319,0.47442,0.61157,0.505835,0.496241,cluster1
0.798905,0.791651,0.794873,0.48572,0.477859,0.48491,0.184641,0.17625,0.18718,0.697352,0.690526,0.696122,0.915668,0.909584,0.910793,0.912011,0.906594,0.907981,0.126508,0.119282,0.134672,0.230263,0.224209,0.234468,0.468023,0.462025,0.468909,cluster1
0.715835,0.584753,0.568518,0.687397,0.55718,0.5437,0.689137,0.567494,0.554196,0.692301,0.562031,0.548719,0.697205,0.571367,0.556971,0.696768,0.579099,0.564476,0.525464,0.42606,0.421359,0.478601,0.393827,0.39414,0.435368,0.367968,0.371919,cluster1
0.119747,0.11431,0.12506,0.205046,0.199494,0.209267,0.361301,0.357797,0.368552,0.955443,0.953668,0.954297,0.926142,0.924302,0.925636,0.778927,0.777187,0.781646,0.297534,0.293158,0.302427,0.178097,0.172515,0.18259,0.157312,0.152242,0.166996,cluster3
0.587185,0.552302,0.571864,0.585677,0.550365,0.57042,0.579991,0.545607,0.566027,0.522288,0.481842,0.503492,0.519395,0.479018,0.501001,0.516329,0.476862,0.499276,0.521834,0.482281,0.506281,0.51889,0.479621,0.503801,0.515768,0.477533,0.502033,cluster1
0.589551,0.513326,0.519743,0.517162,0.44566,0.457118,0.458449,0.391155,0.408458,0.597558,0.520404,0.526746,0.520866,0.445827,0.455682,0.452092,0.385726,0.401866,0.561051,0.491384,0.500911,0.506597,0.438168,0.450651,0.434674,0.375232,0.39265,cluster1
0.634801,0.555896,0.550651,0.483453,0.421112,0.424194,0.401218,0.349009,0.357488,0.628348,0.55005,0.544992,0.474589,0.412188,0.417388,0.38309,0.333947,0.343911,0.61361,0.535163,0.531703,0.472285,0.412824,0.417408,0.41882,0.371706,0.38298,cluster1
0.657773,0.619924,0.621631,0.444135,0.410149,0.41812,0.390729,0.353661,0.366484,0.632864,0.595058,0.597623,0.430227,0.394685,0.403784,0.3841,0.350269,0.365589,0.623776,0.585688,0.590264,0.419579,0.384115,0.394351,0.380599,0.349147,0.364829,cluster1
0.881993,0.871151,0.870399,0.420022,0.37311,0.368425,0.467262,0.40162,0.396836,0.896499,0.887335,0.888191,0.380647,0.333272,0.3289,0.452925,0.388877,0.38536,0.852286,0.837001,0.836562,0.402086,0.356449,0.352302,0.452482,0.394044,0.392743,cluster1
0.692291,0.628269,0.622416,0.881213,0.843904,0.826242,0.761009,0.723098,0.701542,0.407973,0.340499,0.337586,0.800953,0.762423,0.745476,0.906893,0.875967,0.855085,0.415401,0.332802,0.326856,0.640599,0.595985,0.579738,0.916889,0.885737,0.865872,cluster4
0.423031,0.417505,0.357891,0.735005,0.72691,0.689473,0.83825,0.828418,0.791498,0.482883,0.482414,0.42045,0.863364,0.859414,0.823752,0.803761,0.798671,0.758494,0.726996,0.730942,0.666188,0.893806,0.892229,0.857286,0.677357,0.666999,0.632697,cluster4
0.816027,0.817278,0.725561,0.790106,0.796582,0.691048,0.596154,0.622234,0.477791,0.811959,0.811288,0.723183,0.805071,0.809981,0.708671,0.649412,0.673607,0.533469,0.764116,0.773446,0.669768,0.76842,0.780757,0.669026,0.639473,0.670513,0.528527,cluster4
0.847776,0.644491,0.59728,0.821896,0.608633,0.566134,0.66571,0.474379,0.450991,0.847618,0.644442,0.597484,0.815807,0.602527,0.559988,0.686308,0.496326,0.471559,0.824042,0.62496,0.579943,0.808025,0.595477,0.553561,0.692686,0.505491,0.481197,cluster4
0.78752,0.636035,0.600657,0.77293,0.610666,0.575468,0.73495,0.565556,0.534561,0.778615,0.626224,0.592042,0.769315,0.607735,0.575509,0.746504,0.578261,0.546858,0.759809,0.608448,0.579118,0.752982,0.593171,0.56512,0.735132,0.570692,0.542677,cluster4
0.795664,0.619039,0.581632,0.789524,0.610478,0.569764,0.77992,0.598348,0.559469,0.76609,0.591313,0.555547,0.769112,0.592792,0.556847,0.770646,0.593917,0.556745,0.693262,0.533521,0.512375,0.697708,0.533929,0.511835,0.708657,0.54305,0.519412,cluster4
0.72651,0.603636,0.581912,0.717491,0.591199,0.568802,0.715256,0.587467,0.562976,0.707207,0.586829,0.568963,0.705407,0.58087,0.562454,0.711289,0.585508,0.564392,0.694439,0.581925,0.566413,0.694816,0.57771,0.562285,0.699244,0.580632,0.562853,cluster4
0.704746,0.560143,0.540687,0.705467,0.557766,0.537874,0.703508,0.555908,0.536941,0.727156,0.580461,0.558821,0.726662,0.577934,0.557447,0.724401,0.574694,0.554999,0.742714,0.596268,0.575756,0.746119,0.594514,0.5738,0.744012,0.59163,0.569087,cluster4
0.667225,0.519673,0.502464,0.67596,0.525252,0.506152,0.685875,0.531468,0.510306,0.710412,0.566018,0.540676,0.716726,0.569275,0.544254,0.722013,0.571606,0.546367,0.751743,0.604768,0.582691,0.754688,0.604854,0.584304,0.752929,0.601028,0.5814,cluster4
0.648092,0.515704,0.50056,0.676618,0.539584,0.521279,0.68748,0.54621,0.52988,0.709046,0.569262,0.551567,0.709147,0.567782,0.54946,0.70697,0.564771,0.547715,0.744838,0.601974,0.58768,0.732371,0.590066,0.57512,0.717685,0.576845,0.562147,cluster4
0.622158,0.509861,0.501273,0.652771,0.53889,0.525713,0.665172,0.556888,0.541964,0.654862,0.547738,0.536627,0.656162,0.550474,0.537318,0.674223,0.572721,0.557448,0.686329,0.579226,0.567047,0.666876,0.56281,0.550662,0.665433,0.564562,0.550618,cluster4
0.639782,0.544483,0.543053,0.635167,0.544357,0.542885,0.641236,0.553784,0.551928,0.495969,0.428696,0.428992,0.519663,0.450993,0.449822,0.569258,0.50082,0.496939,0.561074,0.496418,0.492356,0.530834,0.466607,0.461092,0.57145,0.506593,0.499763,cluster1
0.719662,0.563513,0.539201,0.735422,0.579875,0.552865,0.760767,0.613414,0.589459,0.581924,0.454257,0.444174,0.616871,0.477483,0.462851,0.601634,0.466161,0.453276,0.496303,0.38946,0.387766,0.43211,0.333398,0.333012,0.516342,0.40674,0.402526,cluster1
0.790684,0.719405,0.707854,0.877214,0.811595,0.799785,0.768679,0.701707,0.691001,0.450581,0.382869,0.378476,0.607589,0.541909,0.535799,0.754783,0.686602,0.676762,0.198292,0.168152,0.184139,0.164036,0.13423,0.141261,0.329108,0.291405,0.292679,cluster1
0.578159,0.545183,0.562061,0.578146,0.545634,0.562166,0.57731,0.545622,0.561946,0.53257,0.510865,0.543366,0.534357,0.513117,0.544726,0.536631,0.515461,0.546995,0.41825,0.407248,0.454513,0.425008,0.413334,0.458744,0.432262,0.419497,0.463812,cluster1
0.634268,0.553588,0.545661,0.725816,0.634425,0.623344,0.736978,0.64262,0.632792,0.333545,0.296526,0.297258,0.309645,0.260675,0.25989,0.519873,0.438466,0.43251,0.742443,0.702684,0.701899,0.569832,0.525194,0.52372,0.305646,0.257403,0.25562,cluster1
0.599251,0.556591,0.576975,0.548204,0.512432,0.531533,0.429948,0.392217,0.414958,0.564644,0.523802,0.543541,0.510126,0.477342,0.498307,0.395093,0.364896,0.389233,0.478415,0.445846,0.467661,0.448921,0.418091,0.440985,0.364123,0.340444,0.366708,cluster1
0.391456,0.376125,0.385389,0.202485,0.178826,0.195473,0.279399,0.244207,0.272223,0.826963,0.81587,0.817158,0.400056,0.382954,0.388178,0.19231,0.169879,0.191648,0.81704,0.804375,0.804658,0.735354,0.722533,0.724296,0.1294,0.113639,0.12287,cluster1
0.772269,0.709868,0.698331,0.469829,0.420954,0.421145,0.325849,0.290755,0.301877,0.75616,0.695774,0.685836,0.464606,0.417992,0.420019,0.318375,0.287963,0.299107,0.726654,0.668651,0.659306,0.429697,0.387079,0.390487,0.306975,0.281473,0.293481,cluster1
0.922963,0.92175,0.922991,0.109852,0.104085,0.113002,0.196659,0.193889,0.228053,0.92066,0.91919,0.920626,0.08698,0.081312,0.090521,0.198453,0.197262,0.232046,0.870736,0.868536,0.870649,0.095062,0.088539,0.09843,0.188034,0.185209,0.215025,cluster3
0.683629,0.579671,0.596183,0.922255,0.884429,0.868025,0.954558,0.924453,0.904128,0.676095,0.57383,0.591656,0.91755,0.883214,0.865201,0.9471,0.91799,0.899006,0.672919,0.576205,0.595116,0.898534,0.864976,0.855059,0.922784,0.892623,0.885359,cluster4
0.794766,0.772925,0.708892,0.847529,0.826941,0.754755,0.805099,0.782966,0.717422,0.769032,0.746712,0.682113,0.835788,0.818623,0.745854,0.841194,0.817615,0.755993,0.709744,0.690119,0.621737,0.823451,0.805985,0.732308,0.825943,0.803741,0.739939,cluster4
0.903991,0.879119,0.862883,0.818591,0.788623,0.778835,0.573971,0.510941,0.507689,0.952694,0.9336,0.917683,0.881932,0.856994,0.848578,0.6186,0.557489,0.556164,0.937606,0.917555,0.902262,0.798473,0.771246,0.764961,0.448968,0.385876,0.385433,cluster4
0.845285,0.68562,0.642126,0.808443,0.632082,0.593727,0.779424,0.591681,0.559836,0.836417,0.672526,0.629604,0.784386,0.605293,0.569886,0.755186,0.567172,0.536609,0.828855,0.662485,0.620259,0.80154,0.623855,0.588807,0.769214,0.588325,0.558739,cluster4
0.817734,0.586904,0.535298,0.818978,0.583003,0.52981,0.832443,0.592258,0.538099,0.827406,0.594284,0.540812,0.826167,0.58921,0.534177,0.831961,0.592212,0.536768,0.828804,0.595692,0.542236,0.832096,0.594672,0.539641,0.819156,0.584254,0.529792,cluster4
0.771732,0.577857,0.535867,0.803636,0.605588,0.560668,0.812639,0.612471,0.567526,0.767781,0.573761,0.531109,0.804481,0.606041,0.560647,0.819838,0.620237,0.573692,0.757867,0.565727,0.527623,0.78158,0.586584,0.545998,0.796337,0.599954,0.557195,cluster4
0.738837,0.600225,0.574787,0.740477,0.601069,0.575007,0.739437,0.599165,0.574195,0.740836,0.598815,0.573612,0.742385,0.599535,0.573568,0.737731,0.595381,0.570009,0.734681,0.593263,0.570292,0.735372,0.593352,0.568397,0.731325,0.589603,0.564712,cluster4
0.624905,0.541153,0.471419,0.643359,0.560132,0.490736,0.655724,0.575611,0.504957,0.804763,0.687407,0.634029,0.821365,0.701913,0.653015,0.809209,0.694019,0.640506,0.798883,0.680685,0.63067,0.778611,0.671479,0.613859,0.770292,0.665012,0.602937,cluster4
0.683272,0.548074,0.532595,0.670897,0.54093,0.528895,0.65349,0.526013,0.517359,0.731648,0.59078,0.571668,0.707095,0.57145,0.555917,0.67392,0.543972,0.53499,0.778281,0.639997,0.616411,0.78008,0.64642,0.624577,0.749764,0.621949,0.605053,cluster4
0.687494,0.536519,0.510785,0.658611,0.505777,0.484181,0.637877,0.490902,0.475016,0.747935,0.592283,0.564219,0.70654,0.553159,0.529162,0.667624,0.51936,0.50263,0.78009,0.624657,0.596118,0.733925,0.582044,0.556601,0.690326,0.542358,0.5241,cluster4
0.664322,0.53512,0.518455,0.572595,0.456119,0.449419,0.628072,0.527327,0.524964,0.711494,0.584825,0.563824,0.56942,0.462412,0.454437,0.603045,0.51479,0.511326,0.774259,0.665529,0.644,0.610132,0.510101,0.496889,0.528321,0.453432,0.450088,cluster1
0.624388,0.485732,0.471034,0.510209,0.383288,0.375174,0.630662,0.510797,0.495414,0.610373,0.490362,0.476696,0.474227,0.365414,0.357874,0.568007,0.460961,0.449492,0.565711,0.456423,0.446883,0.418049,0.326668,0.324231,0.482299,0.393017,0.385302,cluster1
0.584904,0.489769,0.486288,0.628873,0.526923,0.518542,0.660088,0.556832,0.547902,0.50213,0.419225,0.420257,0.564758,0.478695,0.478543,0.571225,0.485507,0.487297,0.302246,0.263638,0.274446,0.278625,0.243619,0.254176,0.299319,0.265405,0.278662,cluster3
0.697831,0.56192,0.549606,0.70257,0.567078,0.554773,0.689055,0.556863,0.545737,0.498528,0.410102,0.410044,0.497858,0.413598,0.412901,0.496132,0.415589,0.414818,0.236042,0.217392,0.235019,0.225452,0.207763,0.225535,0.206369,0.195584,0.21495,cluster3
0.577479,0.533217,0.561877,0.579327,0.534876,0.562778,0.576791,0.532916,0.559761,0.472359,0.443432,0.481702,0.473645,0.445037,0.483524,0.476773,0.44821,0.485734,0.313428,0.303887,0.361071,0.315013,0.306088,0.36383,0.312311,0.30423,0.361783,cluster1
0.565856,0.548767,0.622217,0.525775,0.512696,0.589911,0.464823,0.454208,0.528156,0.454558,0.446205,0.52089,0.436848,0.43148,0.504258,0.344828,0.338825,0.390045,0.360233,0.355534,0.408783,0.284783,0.282803,0.327651,0.29258,0.291846,0.333584,cluster3
0.720002,0.706828,0.712105,0.751816,0.739713,0.745878,0.195039,0.181757,0.194545,0.754444,0.743948,0.750186,0.689014,0.676569,0.682849,0.168047,0.15462,0.168433,0.177714,0.165191,0.178517,0.151893,0.138371,0.154011,0.270807,0.243263,0.269758,cluster3
0.640435,0.636531,0.642126,0.879112,0.877552,0.88008,0.100681,0.093763,0.103833,0.637435,0.633795,0.639644,0.91624,0.914935,0.917134,0.083843,0.07868,0.088222,0.647524,0.644479,0.650368,0.858983,0.857066,0.859963,0.103557,0.097406,0.107704,cluster1
0.766169,0.60945,0.579448,0.630653,0.499656,0.484596,0.483527,0.377534,0.373343,0.758592,0.606277,0.577423,0.616754,0.486327,0.473987,0.424978,0.324556,0.324725,0.737992,0.590358,0.563318,0.617196,0.487082,0.475922,0.4065,0.312436,0.313571,cluster1
0.923493,0.920056,0.919592,0.713964,0.700839,0.701256,0.299749,0.270852,0.272207,0.956281,0.95349,0.952898,0.630742,0.615652,0.617464,0.159823,0.128035,0.129861,0.936419,0.932263,0.931558,0.617274,0.604009,0.606906,0.206743,0.171703,0.174253,cluster1
0.98902,0.986677,0.980195,0.997108,0.995022,0.987174,0.990687,0.987659,0.979823,0.992717,0.990492,0.983735,0.990037,0.987525,0.979788,0.993226,0.990423,0.983084,0.987355,0.985318,0.979996,0.981279,0.979016,0.973134,0.984903,0.982403,0.977599,cluster4
0.680855,0.625159,0.611347,0.67796,0.625591,0.610809,0.684367,0.629876,0.615813,0.895821,0.872006,0.857143,0.894966,0.874269,0.859534,0.876933,0.854448,0.842265,0.95539,0.937006,0.916112,0.9596,0.941464,0.920029,0.920132,0.899443,0.880992,cluster4
0.900394,0.875392,0.847646,0.907744,0.882839,0.855952,0.883492,0.848294,0.825491,0.914686,0.894576,0.876403,0.885057,0.863517,0.848951,0.83147,0.799647,0.785968,0.643008,0.583414,0.558387,0.539138,0.475942,0.454931,0.523641,0.457543,0.436986,cluster4
0.813524,0.664328,0.625465,0.816101,0.66035,0.625076,0.803585,0.637493,0.604807,0.821531,0.666083,0.626053,0.81314,0.651554,0.614752,0.799631,0.632288,0.597298,0.802843,0.646711,0.610142,0.804476,0.643502,0.605837,0.787142,0.619549,0.583891,cluster4
0.877372,0.627979,0.565328,0.880833,0.63222,0.569261,0.878001,0.639486,0.579113,0.877376,0.626176,0.563194,0.880582,0.630129,0.567435,0.879233,0.64023,0.580207,0.874562,0.623053,0.561349,0.877938,0.626882,0.56508,0.876799,0.637461,0.578296,cluster4
0.820564,0.622657,0.573657,0.836929,0.63509,0.584905,0.839332,0.635003,0.585638,0.802448,0.606246,0.558407,0.817536,0.615759,0.566156,0.83351,0.628941,0.579776,0.731669,0.546392,0.50612,0.772021,0.573609,0.528577,0.81379,0.610309,0.563424,cluster4
0.634639,0.632388,0.68069,0.630231,0.6281,0.678181,0.625054,0.622936,0.673609,0.608247,0.606033,0.652039,0.605426,0.603182,0.651362,0.602883,0.600701,0.649422,0.577212,0.575298,0.615827,0.571635,0.569987,0.611429,0.56094,0.560766,0.603648,cluster4
0.750323,0.76887,0.930834,0.628884,0.659016,0.907,0.545497,0.583057,0.890648,0.846449,0.856474,0.95216,0.760296,0.778581,0.935201,0.663907,0.691103,0.916185,0.922147,0.924238,0.966585,0.873175,0.879694,0.9568,0.765799,0.782449,0.935595,cluster4
0.741604,0.5712,0.537767,0.701808,0.535043,0.506793,0.65731,0.49746,0.476248,0.787101,0.610663,0.577025,0.772424,0.595721,0.563878,0.722952,0.552132,0.526049,0.794904,0.618776,0.586109,0.787492,0.61184,0.579595,0.755764,0.581412,0.551989,cluster4
0.806483,0.761686,0.755364,0.411718,0.366025,0.367484,0.315295,0.270554,0.284273,0.85806,0.812458,0.806234,0.690568,0.645489,0.64633,0.422249,0.381205,0.388382,0.709437,0.66014,0.657731,0.814431,0.771296,0.770863,0.769588,0.731638,0.735467,cluster4
0.671155,0.549631,0.529511,0.474896,0.373027,0.36661,0.6026,0.518983,0.511795,0.683869,0.557467,0.536862,0.468506,0.367786,0.360073,0.547331,0.474396,0.47031,0.697488,0.570912,0.551294,0.461437,0.366008,0.358531,0.580585,0.512286,0.508878,cluster1
0.566861,0.512658,0.506849,0.240661,0.18268,0.177279,0.591112,0.511193,0.49927,0.677653,0.625211,0.61934,0.191564,0.146836,0.143493,0.656503,0.561746,0.547081,0.762244,0.717379,0.71168,0.217425,0.173356,0.168953,0.605449,0.518561,0.50524,cluster1
0.678468,0.522794,0.505602,0.689632,0.532998,0.515656,0.706447,0.552721,0.534219,0.454305,0.352513,0.349817,0.480256,0.371022,0.366778,0.498677,0.393431,0.388015,0.316245,0.265278,0.278033,0.26474,0.215757,0.226219,0.286875,0.241636,0.250877,cluster3
0.908215,0.906467,0.907725,0.963528,0.961563,0.961463,0.930225,0.92818,0.928747,0.256567,0.245036,0.253031,0.239806,0.227724,0.235559,0.231776,0.219737,0.227205,0.294188,0.285053,0.330783,0.237777,0.226909,0.272141,0.248621,0.236237,0.281264,cluster1
0.664387,0.543415,0.539558,0.654929,0.538513,0.536147,0.63015,0.520046,0.518642,0.437242,0.365695,0.377618,0.434483,0.364226,0.37741,0.421975,0.35669,0.370043,0.218878,0.197859,0.229722,0.214547,0.195344,0.229178,0.205306,0.190192,0.223868,cluster3
0.597729,0.533385,0.5485,0.5513,0.499705,0.518902,0.464557,0.421574,0.444076,0.453081,0.403047,0.428237,0.400446,0.358704,0.387581,0.341655,0.310095,0.340069,0.332194,0.2953,0.330009,0.267301,0.244799,0.280321,0.249132,0.236244,0.270675,cluster3
0.616399,0.573183,0.599703,0.570655,0.535736,0.561234,0.373228,0.347887,0.377528,0.446783,0.42653,0.460031,0.47464,0.452812,0.483556,0.308029,0.301915,0.335881,0.352953,0.341767,0.378957,0.318951,0.309586,0.344757,0.252119,0.250682,0.285322,cluster3
0.637918,0.578327,0.576933,0.60262,0.551242,0.55059,0.383165,0.339991,0.348264,0.55394,0.499916,0.500902,0.543526,0.49653,0.498113,0.379328,0.33933,0.345138,0.593757,0.537069,0.540166,0.590377,0.53996,0.543483,0.40543,0.367581,0.375023,cluster1
0.739489,0.6099,0.585348,0.708038,0.589337,0.569971,0.450885,0.370088,0.367016,0.732094,0.606193,0.58388,0.703448,0.590749,0.572499,0.45684,0.375108,0.371506,0.72149,0.601007,0.583669,0.687021,0.574033,0.558221,0.445757,0.369033,0.366534,cluster1
0.763234,0.779779,0.685147,0.577709,0.633641,0.482709,0.469461,0.544054,0.357071,0.750754,0.777954,0.671938,0.569992,0.629161,0.471958,0.46273,0.537142,0.34646,0.708928,0.748875,0.622678,0.547568,0.612027,0.4448,0.452167,0.528202,0.334105,cluster1
